format,scenario_type,target_measure,model,predictor,standardized_coefficient,p_value,r_squared,adj_r_squared,std_error,t_statistic,n_valid
human_baseline,moral,ethic_sum,human,openness,-0.031679751019530314,0.5910662033242355,0.001003606624659814,-0.0024651308523380155,0.05889598863248418,-0.5378931868724468,290
human_baseline,moral,ethic_sum,human,conscientiousness,0.2109345511866565,0.00029762791107086286,0.0444933848843162,0.04117565358183106,0.05759975088908818,3.6620740182162206,290
human_baseline,moral,ethic_sum,human,extraversion,0.008579547207391604,0.8843349934588629,7.360863028404996e-05,-0.003398358006416524,0.05892339634390061,0.1456051032312856,290
human_baseline,moral,ethic_sum,human,agreeableness,0.047473260679392726,0.4205870898669408,0.0022537104795334884,-0.0012106863590792827,0.05885912706295203,0.806557335256065,290
human_baseline,moral,ethic_sum,human,neuroticism,-0.14850271654758554,0.011340017147132068,0.022053056822012862,0.018657407713755902,0.058272198416199184,-2.548431680694975,290
human_baseline,risk,risk_sum,human,openness,-0.1417524050559686,0.015703203463680548,0.02009374433915101,0.01669129206255071,0.058330543256514995,-2.4301574636909646,290
human_baseline,risk,risk_sum,human,conscientiousness,0.03503735189573808,0.5523314354340257,0.0012276160278659187,-0.0022403436387041786,0.05888938500757086,0.5949688877075835,290
human_baseline,risk,risk_sum,human,extraversion,-0.23973711743074222,3.703158415925064e-05,0.05747388547400134,0.05420122535411931,0.05720716843090503,-4.190683160980033,290
human_baseline,risk,risk_sum,human,agreeableness,0.03491103415339147,0.5537659723556707,0.0012187803056586954,-0.0022492100405022697,0.058889645491893634,0.5928212652969204,290
human_baseline,risk,risk_sum,human,neuroticism,0.18900443618146537,0.0012210154412050523,0.03572267689627362,0.03237449174660778,0.057863504471002296,3.2663841899894432,290
bfi_expanded,moral,ethic_sum,gpt-4,openness,0.009753125870147521,0.8686477640722203,9.512346423945495e-05,-0.003376768468176472,0.05892276243028523,0.165523907364102,290
bfi_expanded,moral,ethic_sum,gpt-4,conscientiousness,0.2371107544603535,4.528319975813763e-05,0.05622150988075847,0.052944501234511,0.05724516264495515,4.142022548367227,290
bfi_expanded,moral,ethic_sum,gpt-4,extraversion,-0.07440535901473547,0.20646088403295185,0.005536157450112489,0.0020831579968141334,0.05876222811720313,-1.2662106492342602,290
bfi_expanded,moral,ethic_sum,gpt-4,agreeableness,-0.03882193805843751,0.510212541165143,0.0015071428746131765,-0.0019598462126277916,0.058881143732445684,-0.6593271733110916,290
bfi_expanded,moral,ethic_sum,gpt-4,neuroticism,-0.1015109214710381,0.08440806654255724,0.010304467177899679,0.006868024355600633,0.05862118066278558,-1.7316423914245755,290
bfi_expanded,moral,ethic_sum,gpt-4o,openness,0.03745635366040332,0.5252152656590163,0.001402978429533075,-0.0020643723398088287,0.05888421494205299,0.6361017752765069,290
bfi_expanded,moral,ethic_sum,gpt-4o,conscientiousness,0.5717540143141164,1.4283714023745093e-26,0.3269026528843063,0.32456550931793227,0.048344012725196256,11.826780237796145,290
bfi_expanded,moral,ethic_sum,gpt-4o,extraversion,-0.031520239117621106,0.5929369141880845,0.0009935254740319754,-0.002475247006961112,0.058896285799640555,-0.5351821203946527,290
bfi_expanded,moral,ethic_sum,gpt-4o,agreeableness,0.017949223182292043,0.7608470560725348,0.00032217461284800297,-0.0031489289475241655,0.0589160721736612,0.30465749871079073,290
bfi_expanded,moral,ethic_sum,gpt-4o,neuroticism,-0.3062985513015244,1.0262663690810467e-07,0.0938188025294131,0.09067234003819569,0.056093337315739226,-5.460515739639904,290
bfi_expanded,moral,ethic_sum,llama,openness,-0.03898020338835028,0.5084883234220494,0.0015194562561972047,-0.0019474900762466163,0.05888078067114733,-0.662019133306962,290
bfi_expanded,moral,ethic_sum,llama,conscientiousness,0.5107791806564562,1.1301655435979707e-20,0.2608953713920804,0.2583290358760806,0.050659012189340234,10.082691283979187,290
bfi_expanded,moral,ethic_sum,llama,extraversion,0.06464154888341982,0.27255418319509994,0.004178529842047918,0.000720816403999347,0.0588023251075027,1.099302600113887,290
bfi_expanded,moral,ethic_sum,llama,agreeableness,0.11982986918991821,0.04143315806208909,0.014359197550073421,0.010936833652677724,0.05850097347391391,2.0483397467454347,290
bfi_expanded,moral,ethic_sum,llama,neuroticism,-0.27851984792168255,1.4484974992282037e-06,0.07757330568631748,0.07437043521995046,0.056593908385681756,-4.921375036048014,290
bfi_expanded,moral,ethic_sum,deepseek,openness,-0.05127251807438753,0.38433273291647874,0.0026288711096885686,-0.0008342230878473078,0.05884806026995114,-0.8712694664732762,290
bfi_expanded,moral,ethic_sum,deepseek,conscientiousness,0.3795845674835307,2.2600962266116812e-11,0.1440844438716592,0.14111251485732457,0.05451540162499511,6.962886747026965,290
bfi_expanded,moral,ethic_sum,deepseek,extraversion,0.04488697429960045,0.4463703266363577,0.0020148404617725824,-0.0014503857866241532,0.05886617236067435,0.7625257851755157,290
bfi_expanded,moral,ethic_sum,deepseek,agreeableness,0.07394755933427201,0.20927463688631676,0.005468241531495721,0.002015006259035501,0.0587642346368953,1.2583769667246516,290
bfi_expanded,moral,ethic_sum,deepseek,neuroticism,-0.2308024417301306,7.273978184408547e-05,0.05326976710858977,0.04998250935549453,0.05733461217358291,-4.0255341927031205,290
bfi_expanded,risk,risk_sum,gpt-4,openness,-0.23049644323827742,7.440691638461877e-05,0.05312861034549643,0.0498408624647515,0.05733888628797041,-4.019897458082215,290
bfi_expanded,risk,risk_sum,gpt-4,conscientiousness,-0.07201025013996545,0.2214876525959972,0.005185476125220578,0.0017312590284330742,0.05877258797081706,-1.22523531166811,290
bfi_expanded,risk,risk_sum,gpt-4,extraversion,-0.7643215936289852,8.105452630955708e-57,0.5841874984875517,0.5827437050795223,0.03799728158736271,-20.11516513021254,290
bfi_expanded,risk,risk_sum,gpt-4,agreeableness,-0.17278757752004087,0.0031573018685993764,0.029855546945243727,0.026486989816581263,0.05803927229611299,-2.9770803575635596,290
bfi_expanded,risk,risk_sum,gpt-4,neuroticism,0.3539571214260379,5.517755449370465e-10,0.12528564380820695,0.12224844118254097,0.05511082131184343,6.422642831308554,290
bfi_expanded,risk,risk_sum,gpt-4o,openness,-0.32395357659177976,1.6433409587639285e-08,0.10494591978660583,0.10183809311919811,0.05574788486936178,-5.811046954533335,290
bfi_expanded,risk,risk_sum,gpt-4o,conscientiousness,-0.1423196328585088,0.015286994300507215,0.020254877896980883,0.01685298511190081,0.058325747188355245,-2.4400824630485483,290
bfi_expanded,risk,risk_sum,gpt-4o,extraversion,-0.8105043574489279,7.240362875027472e-69,0.6569173134436996,0.6557260541153791,0.034514624846874495,-23.482925311944218,290
bfi_expanded,risk,risk_sum,gpt-4o,agreeableness,-0.1914691484848597,0.001049575300574625,0.03666043482151704,0.03331550577575837,0.05783536155120518,-3.310589634947477,290
bfi_expanded,risk,risk_sum,gpt-4o,neuroticism,0.4133132884296293,2.154934412239863e-13,0.17082787439251446,0.16794880451193284,0.0536569648841745,7.702882362463465,290
bfi_expanded,risk,risk_sum,llama,openness,-0.34733150407480196,1.2047040216993786e-09,0.12063917372286415,0.11758583752051288,0.05525700138761753,-6.285746518135077,290
bfi_expanded,risk,risk_sum,llama,conscientiousness,-0.03331026690130385,0.5721007712561622,0.0011095738810356082,-0.002358795654099799,0.05889286489155793,-0.5656078535598419,290
bfi_expanded,risk,risk_sum,llama,extraversion,-0.732909616030746,4.2467336384458102e-50,0.5371565052703355,0.5355494098025242,0.04008859523369875,-18.282247401242362,290
bfi_expanded,risk,risk_sum,llama,agreeableness,0.0792425880285642,0.17838587444879583,0.006279387757464394,0.002828968964955547,0.05874026551275374,1.3490335349498712,290
bfi_expanded,risk,risk_sum,llama,neuroticism,0.23788834230872383,4.267501210398337e-05,0.05659086340639319,0.053315137237665344,0.05723395992527329,4.156419416362582,290
bfi_expanded,risk,risk_sum,deepseek,openness,-0.24867620803208076,1.8356353063426177e-05,0.06183985644121481,0.058582355942746744,0.05707451706732175,-4.357044453635182,290
bfi_expanded,risk,risk_sum,deepseek,conscientiousness,-0.09446967714570974,0.10840474955521956,0.00892451990001486,0.005483285594112042,0.05866203462123291,-1.610405737811149,290
bfi_expanded,risk,risk_sum,deepseek,extraversion,-0.6855634423856662,1.3495781854899826e-41,0.4699972335356848,0.4681569461521281,0.042898570880119634,-15.981032195722282,290
bfi_expanded,risk,risk_sum,deepseek,agreeableness,-0.01564273555493869,0.7908154013810649,0.0002446951756424065,-0.00322667741055338,0.05891835525704776,-0.2654985103825946,290
bfi_expanded,risk,risk_sum,deepseek,neuroticism,0.3615319749195516,2.2096292795155859e-10,0.1307053688892319,0.12768698475343054,0.05493982285920902,6.5805085656360385,290
bfi_likert,moral,ethic_sum,gpt-4,openness,0.07435696854986938,0.20675700594898022,0.005528958771926384,0.002075934323217732,0.05876244079944762,1.2653825732604416,290
bfi_likert,moral,ethic_sum,gpt-4,conscientiousness,0.2288583606534787,8.39599219811453e-05,0.05237614924099798,0.04908578864808466,0.057361664837356344,3.989744044256478,290
bfi_likert,moral,ethic_sum,gpt-4,extraversion,0.13933776810303133,0.017587898648976516,0.01941501361993414,0.01601020463944769,0.05835074104487738,2.387934850662258,290
bfi_likert,moral,ethic_sum,gpt-4,agreeableness,0.1571786639531669,0.007323046786626827,0.024705132402102925,0.02131869188961011,0.05819313114528809,2.7009831033278866,290
bfi_likert,moral,ethic_sum,gpt-4,neuroticism,-0.08491950049232054,0.14916473130521596,0.0072113215638652806,0.0037641386526285903,0.0587127150729428,-1.4463562175044922,290
bfi_likert,moral,ethic_sum,gpt-4o,openness,-0.11091220882524903,0.05923655369465575,0.012301518066495154,0.008872009448670393,0.058562006606883495,-1.8939277400411378,290
bfi_likert,moral,ethic_sum,gpt-4o,conscientiousness,-0.12999999097623274,0.026852127012658447,0.01689999765382022,0.013486455979006995,0.05842552246076303,-2.2250548305072866,290
bfi_likert,moral,ethic_sum,gpt-4o,extraversion,-0.21196040362992694,0.0002775947224274321,0.04492721270696187,0.041610987751083184,0.05758667342257757,-3.6807197053133693,290
bfi_likert,moral,ethic_sum,gpt-4o,agreeableness,-0.31223318408029094,5.618270626078107e-08,0.0974895612409169,0.09435584443967004,0.05597961058498725,-5.577623367105494,290
bfi_likert,moral,ethic_sum,gpt-4o,neuroticism,0.22431217339998266,0.00011686640796441713,0.0503159511354242,0.04701843707686659,0.05742398504595045,3.906245329725705,290
bfi_likert,moral,ethic_sum,llama,openness,-0.0018353999997781716,0.9751732249306766,3.3686931597554093e-06,-0.0034688418322113,0.058925465847721306,-0.03114782332856428,290
bfi_likert,moral,ethic_sum,llama,conscientiousness,-0.021527910913339155,0.7150620797798014,0.00046345094829236544,-0.003007162069248448,0.05891190896194634,-0.36542545119773545,290
bfi_likert,moral,ethic_sum,llama,extraversion,-0.07205951489787873,0.22117091696462501,0.005192573687317292,0.0017383812348426009,0.058772378312218994,-1.2260779122307068,290
bfi_likert,moral,ethic_sum,llama,agreeableness,-0.0661499683614342,0.26149763070509074,0.004375818314218627,0.0009187899055873583,0.05879649996922594,-1.1250664307579035,290
bfi_likert,moral,ethic_sum,llama,neuroticism,0.0037565876410456185,0.949212038652703,1.4111950704553955e-05,-0.003458061271689017,0.05892514932007702,0.06375185611563094,290
bfi_likert,moral,ethic_sum,deepseek,openness,0.02511329783145305,0.6701922395290019,0.0006306777279713183,-0.0028393546410288018,0.0589069806474589,0.42632125353273176,290
bfi_likert,moral,ethic_sum,deepseek,conscientiousness,0.16869208368839936,0.003964276530627715,0.02845701909913423,0.025083605971006118,0.058081090968817105,2.90442346854276,290
bfi_likert,moral,ethic_sum,deepseek,extraversion,-0.07760561279121747,0.18755169164407462,0.006022631136700651,0.002571320828147483,0.05874785365060684,-1.320994861408283,290
bfi_likert,moral,ethic_sum,deepseek,agreeableness,0.16767565813209662,0.004191465111448616,0.028115126330032214,0.024740526074233604,0.0580913096409308,2.886415527012896,290
bfi_likert,moral,ethic_sum,deepseek,neuroticism,0.04371283357213866,0.45836472293318964,0.0019108118189057333,-0.0015547756400564605,0.058869240346399225,0.7425411524749255,290
bfi_likert,risk,risk_sum,gpt-4,openness,0.04720869779287052,0.4231839355039283,0.0022286611472980278,-0.0012358226681628004,0.05885986591439678,0.8020524182221005,290
bfi_likert,risk,risk_sum,gpt-4,conscientiousness,0.11823883604957086,0.04423034596268241,0.013980422350356903,0.01055674326129552,0.05851221316153802,2.0207548076013144,290
bfi_likert,risk,risk_sum,gpt-4,extraversion,-0.0761660394111453,0.19589401506913975,0.005801265559579716,0.002349186620550392,0.058754395061384426,-1.2963462449331635,290
bfi_likert,risk,risk_sum,gpt-4,agreeableness,0.12647111608999562,0.03131268014513137,0.01599494320504935,0.012578258980066814,0.05845240991595187,2.1636595697567844,290
bfi_likert,risk,risk_sum,gpt-4,neuroticism,0.011277639331535543,0.84834704170231,0.00012718514889231702,-0.0033445954582296267,0.05892181775133798,0.19140005793998868,290
bfi_likert,risk,risk_sum,gpt-4o,openness,0.06864705579051265,0.24387996605156942,0.00471241826870572,0.0012565586099163584,0.058786560188441146,1.1677338420629402,290
bfi_likert,risk,risk_sum,gpt-4o,conscientiousness,0.07621753819140888,0.1955909892344582,0.005809113127958843,0.002357061437430863,0.0587541631761352,1.2972278740984087,290
bfi_likert,risk,risk_sum,gpt-4o,extraversion,-0.09785812706697337,0.09626024203436767,0.00957621303305578,0.006137241550531525,0.05864274450027137,-1.6687166997533776,290
bfi_likert,risk,risk_sum,gpt-4o,agreeableness,0.15577538369036628,0.007871221614765167,0.02426597016387999,0.020878004782504456,0.05820623146515686,2.676266436929795,290
bfi_likert,risk,risk_sum,gpt-4o,neuroticism,0.13006069006119414,0.02678044442341896,0.01691578309919406,0.013502296234955025,0.058425053395259254,2.226111616557762,290
bfi_likert,risk,risk_sum,llama,openness,-0.0757418133680156,0.19840324957823144,0.005736822292275567,0.002284519591901457,0.05875629923994567,-1.2890841381739417,290
bfi_likert,risk,risk_sum,llama,conscientiousness,-0.17167583087692184,0.0033601624997319415,0.02947259090728227,0.026102704070154692,0.05805072641343512,-2.9573416472733336,290
bfi_likert,risk,risk_sum,llama,extraversion,-0.3071657998606788,9.405514711837272e-08,0.09435082860405042,0.09120621342559221,0.05607686847941989,-5.477584754459107,290
bfi_likert,risk,risk_sum,llama,agreeableness,0.08311456331553214,0.15803220301449347,0.006908030635132234,0.0034597946303930316,0.05872168257755499,1.41539819138801,290
bfi_likert,risk,risk_sum,llama,neuroticism,0.19788196868834593,0.0007019263816950794,0.03915727353197551,0.03582101406507254,0.057760362420113405,3.425912864761374,290
bfi_likert,risk,risk_sum,deepseek,openness,-0.08044338264559318,0.17187620021617167,0.006471137811465022,0.003021384817754713,0.058734597927543424,-1.3696081267948799,290
bfi_likert,risk,risk_sum,deepseek,conscientiousness,-0.0720753073845529,0.22106945145196993,0.005194849934577306,0.0017406653857389154,0.058772311072802605,-1.226348021184186,290
bfi_likert,risk,risk_sum,deepseek,extraversion,-0.02315690959444885,0.694542938546125,0.0005362424619651529,-0.0029341178072641583,0.05890976378521038,-0.39309119756244076,290
bfi_likert,risk,risk_sum,deepseek,agreeableness,0.19341551729052353,0.0009301628901090646,0.037409562328760915,0.034067234420180115,0.05781286974870467,3.345544307543341,290
bfi_likert,risk,risk_sum,deepseek,neuroticism,0.04867123012988818,0.4089453604739418,0.002368888642357403,-0.0010951082720789262,0.05885572966531164,0.826958231707626,290
bfi_binary_elaborated,moral,ethic_sum,gpt-4,openness,-0.06088941730570604,0.30142131814650663,0.003707521139828529,0.0002481722548972609,0.058816229774877174,-1.0352485621530676,290
bfi_binary_elaborated,moral,ethic_sum,gpt-4,conscientiousness,0.11279126012811255,0.055035366233012126,0.012721868361286859,0.009293819293096806,0.058549543706078344,1.9264242381517156,290
bfi_binary_elaborated,moral,ethic_sum,gpt-4,extraversion,-0.015543743205664194,0.7921088777608244,0.00024160795284300374,-0.003229775352876496,0.058918446226282076,-0.26381794159959554,290
bfi_binary_elaborated,moral,ethic_sum,gpt-4,agreeableness,0.06317046284095956,0.28363950016254097,0.003990507375540742,0.0005321410817057393,0.05880787612076234,1.0741837149710802,290
bfi_binary_elaborated,moral,ethic_sum,gpt-4,neuroticism,-0.17019530718732273,0.0036486361582605265,0.028966442588586827,0.025594798292019272,0.05806586171381076,-2.931073476979717,290
bfi_binary_elaborated,moral,ethic_sum,gpt-4o,openness,-0.14545714206588273,0.013154871676898423,0.021157780177974428,0.017759022470258956,0.05829886540675868,-2.4950252642312942,290
bfi_binary_elaborated,moral,ethic_sum,gpt-4o,conscientiousness,0.3114218070832302,6.105442544970743e-08,0.09698354192698466,0.09384806811423108,0.05599530170249578,5.5615703034840465,290
bfi_binary_elaborated,moral,ethic_sum,gpt-4o,extraversion,-0.04472801558720636,0.44798368600248717,0.0020005953783693853,-0.0014646803321225477,0.058866592482423936,-0.7598200218665793,290
bfi_binary_elaborated,moral,ethic_sum,gpt-4o,agreeableness,0.03926326300910133,0.5054121329371619,0.001541603822121762,-0.0019252656090515963,0.05888012764229702,0.6668338636700958,290
bfi_binary_elaborated,moral,ethic_sum,gpt-4o,neuroticism,-0.32076651033951625,2.3076793754095532e-08,0.10289115415539218,0.09977619288509831,0.05581183808381305,-5.747284471402264,290
bfi_binary_elaborated,moral,ethic_sum,llama,openness,-0.16364642645416402,0.005212179472549288,0.026780152891218045,0.023400917310979152,0.05813119283344204,-2.815122457972694,290
bfi_binary_elaborated,moral,ethic_sum,llama,conscientiousness,0.17827501441927399,0.0023094589311786484,0.03178198076619221,0.02842011264385247,0.057981618831657436,3.074681563080772,290
bfi_binary_elaborated,moral,ethic_sum,llama,extraversion,0.07051614763328345,0.23124763731657266,0.004972527077039213,0.0015175705738343925,0.058778878036287174,1.1996851588380144,290
bfi_binary_elaborated,moral,ethic_sum,llama,agreeableness,0.07816763090912582,0.18436661641350746,0.006110178521946175,0.0026591721973695526,0.058745266401443584,1.3306200771132253,290
bfi_binary_elaborated,moral,ethic_sum,llama,neuroticism,-0.20873191965207166,0.0003452763794068991,0.043569014281638396,0.040248073359005154,0.05762760556047064,-3.6220821188387227,290
bfi_binary_elaborated,moral,ethic_sum,deepseek,openness,-0.08755658116440851,0.13689516112741384,0.007666154905199507,0.004220551276397977,0.05869926429523106,-1.4916129225067973,290
bfi_binary_elaborated,moral,ethic_sum,deepseek,conscientiousness,0.26646668417817104,4.191907433887195e-06,0.0710044937769092,0.06777881493585669,0.05679506000571177,4.691722909551869,290
bfi_binary_elaborated,moral,ethic_sum,deepseek,extraversion,0.05088121413033364,0.38797642397954835,0.002588897951376734,-0.0008743350418476403,0.058849239529703216,0.8646027465597437,290
bfi_binary_elaborated,moral,ethic_sum,deepseek,agreeableness,0.015313554192682741,0.7951188218480253,0.00023450494201282535,-0.0032369030269385757,0.05891865552565966,0.2599101092185231,290
bfi_binary_elaborated,moral,ethic_sum,deepseek,neuroticism,-0.2542585470304131,1.1683282020743425e-05,0.06464740873801667,0.06139965668502356,0.05698905204504621,-4.461533187627651,290
bfi_binary_elaborated,risk,risk_sum,gpt-4,openness,-0.31797197609234185,3.097844485690841e-08,0.10110617758006857,0.09798501847444374,0.055867334871324933,-5.691554408756082,290
bfi_binary_elaborated,risk,risk_sum,gpt-4,conscientiousness,-0.14868034584260081,0.011241346924033658,0.022105845239874578,0.01871037942473519,0.05827062566284427,-2.5515488147127527,290
bfi_binary_elaborated,risk,risk_sum,gpt-4,extraversion,-0.5162637874326527,3.716815178328401e-21,0.2665282982143071,0.2639815214719956,0.050465599593301484,-10.230013942035448,290
bfi_binary_elaborated,risk,risk_sum,gpt-4,agreeableness,-0.21750324708342741,0.00018941219146753136,0.04730766249183371,0.043999702986596945,0.057514863341893534,-3.781687627257199,290
bfi_binary_elaborated,risk,risk_sum,gpt-4,neuroticism,0.3022953747467342,1.52938733358577e-07,0.09138249359326844,0.0882275716960228,0.05616869143255505,5.3819194828442365,290
bfi_binary_elaborated,risk,risk_sum,gpt-4o,openness,-0.39081108641221524,5.091590280385876e-12,0.15273330526269602,0.14979140701708027,0.05423926848341187,-7.205316320439276,290
bfi_binary_elaborated,risk,risk_sum,gpt-4o,conscientiousness,-0.07013726632027246,0.23377020812904195,0.004919236126880833,0.0014640945856546628,0.05878045203318966,-1.1932073315916372,290
bfi_binary_elaborated,risk,risk_sum,gpt-4o,extraversion,-0.5048544214532601,3.674275786793648e-20,0.254877986860906,0.2522907576486174,0.05086481310580546,-9.925415835168742,290
bfi_binary_elaborated,risk,risk_sum,gpt-4o,agreeableness,-0.16501056047292983,0.004843987218060077,0.02722848506759068,0.023850806196297536,0.05811780167292195,-2.8392429810333137,290
bfi_binary_elaborated,risk,risk_sum,gpt-4o,neuroticism,0.2108810177191132,0.0002987094386370658,0.044470803634249045,0.041152993924645664,0.05760043150535671,3.6611013530254843,290
bfi_binary_elaborated,risk,risk_sum,llama,openness,-0.3145932012735284,4.404945143759125e-08,0.09896888228752687,0.09584030201769178,0.05593371317760849,-5.624393293443409,290
bfi_binary_elaborated,risk,risk_sum,llama,conscientiousness,-0.06442141350299233,0.2741939735328975,0.0041501185177234,0.0006923064292432279,0.058803163932565135,-1.0955433210510601,290
bfi_binary_elaborated,risk,risk_sum,llama,extraversion,-0.4986126328458578,1.2414485519982824e-19,0.2486145576334784,0.246005580403039,0.05107814826752541,-9.761760160809645,290
bfi_binary_elaborated,risk,risk_sum,llama,agreeableness,-0.17619052376177347,0.002603476897905021,0.03104310066344773,0.02767866698519572,0.05800373848513489,-3.037571859388465,290
bfi_binary_elaborated,risk,risk_sum,llama,neuroticism,0.31369703411005817,4.8325004107939505e-08,0.09840582920944752,0.09527529389420242,0.05595118689755349,5.606619832469985,290
bfi_binary_elaborated,risk,risk_sum,deepseek,openness,-0.2633827173207334,5.457080883845653e-06,0.06937045578325263,0.0661391031991666,0.05684498732593689,-4.6333499172152806,290
bfi_binary_elaborated,risk,risk_sum,deepseek,conscientiousness,-0.15554650570758502,0.007964017995953098,0.024194715437839465,0.020806502644220792,0.05820835673353625,-2.672236675906163,290
bfi_binary_elaborated,risk,risk_sum,deepseek,extraversion,-0.4174062634640526,1.181244831049274e-13,0.174227988779022,0.17136072485117126,0.05354683863544715,-7.795161658483724,290
bfi_binary_elaborated,risk,risk_sum,deepseek,agreeableness,-0.18494094418709217,0.0015606710032028414,0.03420315283681341,0.030849691561941173,0.057909077655167125,-3.193643409214103,290
bfi_binary_elaborated,risk,risk_sum,deepseek,neuroticism,0.344314004787125,1.7089327660055878e-09,0.11855213389254848,0.11549155102411979,0.055322534906027565,6.223756835654522,290
bfi_binary_simple,moral,ethic_sum,gpt-4,openness,-0.024913479184010164,0.6726641136116944,0.000620681445051674,-0.002849385633264312,0.058907275257949164,-0.4229270336289786,290
bfi_binary_simple,moral,ethic_sum,gpt-4,conscientiousness,0.23790582767348928,4.2618025686764596e-05,0.05659918284100807,0.05332348555920596,0.057233707566451235,4.1567432512959,290
bfi_binary_simple,moral,ethic_sum,gpt-4,extraversion,0.15093938877900254,0.010051059052403957,0.022782699084978653,0.019389583456801418,0.05825045603407027,2.591213855745939,290
bfi_binary_simple,moral,ethic_sum,gpt-4,agreeableness,0.06533945547055191,0.2673996612014478,0.004269244441188258,0.000811845984386772,0.058799646740447596,1.1112219051072232,290
bfi_binary_simple,moral,ethic_sum,gpt-4,neuroticism,-0.3057395452518762,1.0854506216603522e-07,0.09347666953082445,0.09032901907780644,0.05610392546888281,-5.449521449643483,290
bfi_binary_simple,moral,ethic_sum,gpt-4o,openness,-0.11796628073026642,0.04472508442376313,0.013916043389331945,0.0104921407622115,0.05851412331326833,-2.0160309007572033,290
bfi_binary_simple,moral,ethic_sum,gpt-4o,conscientiousness,0.35470537512030875,5.046238375879244e-10,0.12581590313923852,0.12278054169180519,0.055094114453661934,6.438171819943511,290
bfi_binary_simple,moral,ethic_sum,gpt-4o,extraversion,-0.0631987458360764,0.2834235514652858,0.003994081475253042,0.0005357275914864568,0.05880777060700804,-1.0746665820476637,290
bfi_binary_simple,moral,ethic_sum,gpt-4o,agreeableness,0.030295028349127374,0.6073949458569574,0.0009177887426742304,-0.0025512467130803795,0.05889851828148653,0.514359770552156,290
bfi_binary_simple,moral,ethic_sum,gpt-4o,neuroticism,-0.24983434043032102,1.6728305048857197e-05,0.06241719765825393,0.05916170181678948,0.0570569526128445,-4.37868356071437,290
bfi_binary_simple,moral,ethic_sum,llama,openness,-0.13760257734672748,0.019061334500322744,0.01893446929246212,0.015527991755283077,0.0583650369414682,-2.3576199820574644,290
bfi_binary_simple,moral,ethic_sum,llama,conscientiousness,0.10784111252039132,0.06667061326586012,0.011629705549635494,0.008197864249460562,0.05858191956717428,1.8408600011259937,290
bfi_binary_simple,moral,ethic_sum,llama,extraversion,-0.03050696632289434,0.6048828079365076,0.0009306749942266102,-0.0025383157175991045,0.05889813844108825,-0.5179614692475952,290
bfi_binary_simple,moral,ethic_sum,llama,agreeableness,0.07766903519848238,0.18719025394752845,0.006032479028662663,0.0025812029141787374,0.05874756262589802,1.3220809805008507,290
bfi_binary_simple,moral,ethic_sum,llama,neuroticism,-0.22898555665368922,8.317870518390398e-05,0.05243438515599985,0.04914422677112473,0.05735990223906406,-3.9920841513872425,290
bfi_binary_simple,moral,ethic_sum,deepseek,openness,-0.018768275432528313,0.7502878210664488,0.00035224816271128834,-0.0031187509756127607,0.05891518597377009,-0.3185643076962233,290
bfi_binary_simple,moral,ethic_sum,deepseek,conscientiousness,0.13222732428239004,0.024327215239271473,0.01748406528688029,0.014072551624681906,0.0584081643453921,2.2638500244670268,290
bfi_binary_simple,moral,ethic_sum,deepseek,extraversion,-0.0555985120487988,0.345451127677754,0.003091194542040654,-0.00037029436579949504,0.05883441941449013,-0.9449997569807859,290
bfi_binary_simple,moral,ethic_sum,deepseek,agreeableness,0.027422501840068256,0.6418892291680108,0.0007519936071687106,-0.0027176175261398594,0.058903405107925993,0.4655503665674891,290
bfi_binary_simple,moral,ethic_sum,deepseek,neuroticism,-0.03935626496422138,0.5044035530608779,0.0015489155919340414,-0.0019179284511496864,0.058879912050575856,-0.6684158245755475,290
bfi_binary_simple,risk,risk_sum,gpt-4,openness,-0.31995788904847405,2.513704486188967e-08,0.10237305076435554,0.0992562905239539,0.055827952142287474,-5.73114142236499,290
bfi_binary_simple,risk,risk_sum,gpt-4,conscientiousness,-0.1461520286301244,0.012719679942715433,0.021360415472701066,0.017962361359758927,0.058292830716495596,-2.5072041764608723,290
bfi_binary_simple,risk,risk_sum,gpt-4,extraversion,-0.4885349508299808,8.416229166590569e-19,0.23866639818245172,0.23602287873169625,0.05141516751655463,-9.501767171577969,290
bfi_binary_simple,risk,risk_sum,gpt-4,agreeableness,-0.2018199128868029,0.0005448632435359268,0.040731277237636365,0.03740048306137811,0.05771303298439797,-3.496955582656044,290
bfi_binary_simple,risk,risk_sum,gpt-4,neuroticism,0.3559032965849821,4.371674018635316e-10,0.1266671565200581,0.12363475081353048,0.05506728344968148,6.463062535310895,290
bfi_binary_simple,risk,risk_sum,gpt-4o,openness,-0.40528959210606125,6.840143153329274e-13,0.1642596534694971,0.1613577772662661,0.053869065364371325,-7.5236054192638235,290
bfi_binary_simple,risk,risk_sum,gpt-4o,conscientiousness,-0.0853757393529559,0.14698425930736603,0.007289016870063891,0.003842103734195912,0.05871041760938033,-1.4541838199991814,290
bfi_binary_simple,risk,risk_sum,gpt-4o,extraversion,-0.5162028636522795,3.763430935505941e-21,0.266465396442814,0.2639184012915736,0.0504677634856175,-10.228368130467858,290
bfi_binary_simple,risk,risk_sum,gpt-4o,agreeableness,-0.17435861643926487,0.0028895479231561875,0.030400927126614796,0.027034263679137638,0.05802295621111555,-3.004993675345737,290
bfi_binary_simple,risk,risk_sum,gpt-4o,neuroticism,0.21214339163124982,0.0002741561606412366,0.045004818612809694,0.0416888631218818,0.05758433372826094,3.68404699500995,290
bfi_binary_simple,risk,risk_sum,llama,openness,-0.26800466096563375,3.6707269716418227e-06,0.07182649829930399,0.06860367364062092,0.05676992741481154,-4.720891379820755,290
bfi_binary_simple,risk,risk_sum,llama,conscientiousness,-0.03140457295689852,0.5942951004546051,0.000986247202605317,-0.0024825505501635536,0.05889650034398253,-0.533216282350928,290
bfi_binary_simple,risk,risk_sum,llama,extraversion,-0.45583556421674176,2.759568326076189e-16,0.20778606160479496,0.20503531876314485,0.05244752464749901,-8.691269364577696,290
bfi_binary_simple,risk,risk_sum,llama,agreeableness,-0.12956676074067294,0.027368552114127545,0.016787545488830546,0.013373613355111114,0.058428863874966284,-2.21751292337186,290
bfi_binary_simple,risk,risk_sum,llama,neuroticism,0.3029995798373928,1.4263550184174929e-07,0.09180874538163653,0.08865530352532269,0.0561555149234138,5.395722579529912,290
bfi_binary_simple,risk,risk_sum,deepseek,openness,-0.2794090190575377,1.336575941118147e-06,0.07806939993069595,0.07486825201378855,0.05657868783302864,-4.938414617923121,290
bfi_binary_simple,risk,risk_sum,deepseek,conscientiousness,-0.10607103327796778,0.07129174525127177,0.011251064100655794,0.007817908073227464,0.05859313976421029,-1.810297821636072,290
bfi_binary_simple,risk,risk_sum,deepseek,extraversion,-0.4766959850017479,7.365056110747532e-18,0.22723906211678702,0.22455586441580355,0.05179959170672464,-9.202697729755716,290
bfi_binary_simple,risk,risk_sum,deepseek,agreeableness,-0.14071363972970494,0.016491167161857213,0.019800328405981116,0.01639685732405738,0.058339275637632644,-2.411988119354287,290
bfi_binary_simple,risk,risk_sum,deepseek,neuroticism,0.3156224158710299,3.958877847520919e-08,0.0996175094002657,0.09649118130790546,0.05591357699486034,5.64482604824303,290
