predictor,target,coefficient,p_value,r_squared,adj_r_squared,std_error,t_statistic,n_observations,model,scenario_type
openness,sim_Confidential_Info,0.003373174996680252,0.5438008489769073,0.0013465875896242485,-0.0022981328936253487,0.005549497785775309,0.6078342810274664,276,gpt-4,moral
conscientiousness,sim_Confidential_Info,0.02761284037667587,7.0424971396786926e-06,0.07113269636944097,0.06774266971385501,0.006028066062226745,4.580712966917252,276,gpt-4,moral
extraversion,sim_Confidential_Info,-0.013738225736248041,0.02086266343791879,0.019328867217458523,0.01574977549197487,0.005911720067883467,-2.3238965273209637,276,gpt-4,moral
agreeableness,sim_Confidential_Info,0.0066332499205900425,0.4270093212283349,0.0023042608728505165,-0.0013369644524310331,0.008338430534647744,0.7955034095478333,276,gpt-4,moral
neuroticism,sim_Confidential_Info,-0.00955720941741553,0.060305223209056055,0.012820066718181367,0.009217220246349966,0.005066509223955357,-1.8863499492367137,276,gpt-4,moral
openness,sim_Underage_Drinking,-0.0038867276911407414,0.1874229653202018,0.006333623142539713,0.002707103518972409,0.0029410541520186934,-1.321542375706667,276,gpt-4,moral
conscientiousness,sim_Underage_Drinking,0.013618546179895191,3.1908484044648215e-05,0.06129650739383263,0.057870582238335744,0.0032195992568981677,4.229888595829655,276,gpt-4,moral
extraversion,sim_Underage_Drinking,-0.006225727796347974,0.04905946075227655,0.014062174742767164,0.010463861511901373,0.0031492951622519396,-1.976863861784297,276,gpt-4,moral
agreeableness,sim_Underage_Drinking,0.010824546588470443,0.014216745866164551,0.021738295074853586,0.018167996881696125,0.004386813984333495,2.4675189390586976,276,gpt-4,moral
neuroticism,sim_Underage_Drinking,-0.0032780459377379223,0.22609943057905407,0.005343001284105808,0.0017128662522960525,0.00270199030307673,-1.213196780908223,276,gpt-4,moral
openness,sim_Exam_Cheating,-0.0075670743929188294,0.44218737870671354,0.002157079098686454,-0.0014846833863548792,0.009832201653840189,-0.7696215618160493,276,gpt-4,moral
conscientiousness,sim_Exam_Cheating,0.05905738275270224,4.537971283820872e-08,0.10357351147420402,0.10030188195403689,0.010496195357377388,5.626551406666891,276,gpt-4,moral
extraversion,sim_Exam_Cheating,-0.022013488900815108,0.03690043812711383,0.01579705263937148,0.012205071079661178,0.01049706522036564,-2.097108900314932,276,gpt-4,moral
agreeableness,sim_Exam_Cheating,0.009360304314478977,0.5272188296184896,0.001460535313794864,-0.0021837693018482707,0.014785678984410015,0.6330655713781194,276,gpt-4,moral
neuroticism,sim_Exam_Cheating,-0.027308377401949163,0.002332339037066779,0.03331755120445001,0.029789513070159757,0.00888640279409056,-3.073051946295882,276,gpt-4,moral
openness,sim_Honest_Feedback,-0.011827481948519954,0.34561772654915446,0.003246929524666098,-0.00039085540407590713,0.012519136434390883,-0.9447522207705231,276,gpt-4,moral
conscientiousness,sim_Honest_Feedback,0.09226353388690456,1.0105736750259815e-11,0.155753813428405,0.1526726229664649,0.012976871766318086,7.109844001570371,276,gpt-4,moral
extraversion,sim_Honest_Feedback,0.0320012762055283,0.017117520723599716,0.020568902275588274,0.016994336225499285,0.013340539834937732,2.398799194146529,276,gpt-4,moral
agreeableness,sim_Honest_Feedback,-0.02900904111499329,0.12335388397317758,0.008643250171158412,0.005025159843315974,0.018768714771758937,-1.5456061572549895,276,gpt-4,moral
neuroticism,sim_Honest_Feedback,-0.06640615740748776,2.6918437469104796e-09,0.12138812228879714,0.11818150959642049,0.010793033060934756,-6.152687296756644,276,gpt-4,moral
openness,sim_Workplace_Theft,-0.0299394135808747,0.05364438094736635,0.013522787053805052,0.009922505254731373,0.015448219532381072,-1.9380494637662664,276,gpt-4,moral
conscientiousness,sim_Workplace_Theft,0.08733126130723201,3.405368461303247e-07,0.09070042860119654,0.08738181702674841,0.01670487671275472,5.227890202898159,276,gpt-4,moral
extraversion,sim_Workplace_Theft,0.012514843284496681,0.4543468779766323,0.0020446487195771024,-0.001597524095314995,0.0167030713923074,0.7492540138612106,276,gpt-4,moral
agreeableness,sim_Workplace_Theft,-0.0600618235626795,0.009820541270452478,0.02408234198981707,0.020520598712407745,0.02309832356770256,-2.600267650881014,276,gpt-4,moral
neuroticism,sim_Workplace_Theft,-0.06443412659732474,4.335439041004576e-06,0.07428185489694195,0.07090332152065348,0.013741643672037512,-4.6889679382707286,276,gpt-4,moral
openness,sim_moral_sum,-0.049847522616773804,0.18795092126480517,0.006318536020298193,0.0026919613342409887,0.037764493055020026,-1.319957414605029,276,gpt-4,moral
conscientiousness,sim_moral_sum,0.27988356450340973,8.186139243859545e-12,0.15702700384479829,0.15395046006321,0.039176151825877456,7.144233199508257,276,gpt-4,moral
extraversion,sim_moral_sum,0.0025386770566138694,0.9503400609964922,1.4181836279658633e-05,-0.003635401441690167,0.040725166016201506,0.06233681295747006,276,gpt-4,moral
agreeableness,sim_moral_sum,-0.062252763854133406,0.27426378228910214,0.004360824858323564,0.0007271052410182666,0.05682638405271065,-1.0954904995607215,276,gpt-4,moral
neuroticism,sim_moral_sum,-0.1709839167619151,5.050813659593287e-07,0.08816801192307377,0.08484015795199018,0.03321864149978366,-5.147227852861733,276,gpt-4,moral
openness,sim_Investment,-0.03783605814373576,0.00039883380757735733,0.04512876511483854,0.04161820910423131,0.010552785547676543,-3.5854095558746857,274,gpt-4,risk
conscientiousness,sim_Investment,-0.01296106995277631,0.2850580667002715,0.004200410868234639,0.0005393829670149453,0.012100309733910875,-1.0711353872581602,274,gpt-4,risk
extraversion,sim_Investment,-0.12807851709058765,8.152318516498193e-37,0.4465943892236999,0.44455980977231646,0.008644840530241291,-14.815602051020457,274,gpt-4,risk
agreeableness,sim_Investment,-0.033590453173718615,0.037403886484080155,0.015828850435320674,0.012210574150156472,0.01605987046794411,-2.091576843086373,274,gpt-4,risk
neuroticism,sim_Investment,0.04558306747816721,2.5999504597206858e-06,0.07814392663058023,0.07475474989025144,0.009492990382212236,4.801760629988607,274,gpt-4,risk
openness,sim_Extreme_Sports,-0.012808450921370545,0.16520631153025456,0.0070684812587678,0.0034179977339838796,0.009204681156526609,-1.3915148937330297,274,gpt-4,risk
conscientiousness,sim_Extreme_Sports,-0.00015280690476452704,0.9882563427048369,7.979712310923759e-07,-0.0036756696832864755,0.010372053215788624,-0.01473256081369889,274,gpt-4,risk
extraversion,sim_Extreme_Sports,-0.0863817047973556,5.601175406577475e-21,0.27764856640408164,0.2749928626040966,0.008448193853149422,-10.224872475570995,274,gpt-4,risk
agreeableness,sim_Extreme_Sports,-0.0069247047921961215,0.6172607884776222,0.0009194145858557601,-0.002753675801696165,0.013840805855785667,-0.5003108102481973,274,gpt-4,risk
neuroticism,sim_Extreme_Sports,0.029251853201238784,0.00047480596806811316,0.04398312861290654,0.04046836070339521,0.008269107775541079,3.5374860257308383,274,gpt-4,risk
openness,sim_Entrepreneurial_Venture,-0.05712071298612142,5.9453807743029535e-05,0.05764488520761457,0.05418034434440733,0.014003483190221313,-4.079036066255933,274,gpt-4,risk
conscientiousness,sim_Entrepreneurial_Venture,-0.032846458919532404,0.04197695488118062,0.015118859633860282,0.011497973088396507,0.01607446389279562,-2.0433937416882557,274,gpt-4,risk
extraversion,sim_Entrepreneurial_Venture,-0.18581401257445695,4.241737591552956e-46,0.5268044838457147,0.5250647944480886,0.010677991942487173,-17.401587637008106,274,gpt-4,risk
agreeableness,sim_Entrepreneurial_Venture,-0.06330219511889694,0.0031970477161276625,0.031505548707179365,0.027944907342132286,0.021280869218537665,-2.974605711300302,274,gpt-4,risk
neuroticism,sim_Entrepreneurial_Venture,0.07833774738543321,8.651796380325681e-10,0.12934872483872584,0.12614780103298584,0.0123233184559727,6.356871135425826,274,gpt-4,risk
openness,sim_Confessing_Feelings,-0.05140748074460078,1.2405323326688039e-06,0.08295969931396185,0.07958822762026319,0.01036340559942738,-4.960481402700407,274,gpt-4,risk
conscientiousness,sim_Confessing_Feelings,-0.03263334890675744,0.0069097806026805686,0.026515889337430543,0.022936903636465278,0.011989153677822656,-2.721905964648871,274,gpt-4,risk
extraversion,sim_Confessing_Feelings,-0.13651310881058892,1.8654786420903102e-43,0.5052219839931107,0.503402947169556,0.008191321698286656,-16.665577771062612,274,gpt-4,risk
agreeableness,sim_Confessing_Feelings,-0.06519824524056977,4.563769812988558e-05,0.05938302386540262,0.055924873217849,0.01573354936573302,-4.143899365935107,274,gpt-4,risk
neuroticism,sim_Confessing_Feelings,0.05114773139519862,1.2159304984356714e-07,0.09797465251852222,0.0946583828586639,0.009410104117430127,5.435405470217785,274,gpt-4,risk
openness,sim_Study_Overseas,-0.0497979494961971,7.199687527404756e-05,0.05638642654292414,0.05291725899344957,0.01235198660262599,-4.031574118256429,274,gpt-4,risk
conscientiousness,sim_Study_Overseas,-0.04375546679874818,0.0020100020146223883,0.03452905377347992,0.03097952823588246,0.014028948966070194,-3.1189411911450566,274,gpt-4,risk
extraversion,sim_Study_Overseas,-0.15495268783380342,1.5185775358095268e-39,0.471486084307005,0.4695430184404866,0.00994737374556936,-15.577245994483778,274,gpt-4,risk
agreeableness,sim_Study_Overseas,-0.08005672497777326,1.9841816472867097e-05,0.06485198280541649,0.06141393862455402,0.018432825719607925,-4.343160739192195,274,gpt-4,risk
neuroticism,sim_Study_Overseas,0.06971711141939414,5.798246324500536e-10,0.13184901053898201,0.12865727896008128,0.010847112077473227,6.427250951355004,274,gpt-4,risk
openness,sim_risk_sum,-0.20897065229202552,1.5826903760094e-05,0.06633463902503844,0.06290204578615988,0.04753639953321923,-4.396013462188977,274,gpt-4,risk
conscientiousness,sim_risk_sum,-0.12234915148257904,0.026219396798684652,0.01803599390765198,0.014425832120547821,0.054738671671104064,-2.2351501734954557,274,gpt-4,risk
extraversion,sim_risk_sum,-0.6917400311067924,2.63472974759261e-60,0.6277324671250839,0.6263638364895143,0.0322997188358288,-21.416286458180327,274,gpt-4,risk
agreeableness,sim_risk_sum,-0.2490723233031547,0.0006484039050357567,0.04193693486970129,0.03841464418907525,0.07218379751174275,-3.4505295078530054,274,gpt-4,risk
neuroticism,sim_risk_sum,0.274037510879432,2.932913600716338e-10,0.13609314667299288,0.1329170185357612,0.04186401659233449,6.545896289598013,274,gpt-4,risk
openness,sim_Confidential_Info,-0.031120104822344393,0.004800581141136495,0.0286599808788911,0.025114944312755738,0.010944941952598805,-2.8433321032785495,276,gpt-4o,moral
conscientiousness,sim_Confidential_Info,0.07080530686088055,5.460098524703125e-09,0.1169541553343354,0.1137313602808111,0.011753692516709524,6.024090451593902,276,gpt-4o,moral
extraversion,sim_Confidential_Info,-0.019651240919713125,0.09921154028396194,0.009889219074543876,0.006275676078465575,0.01187888271502212,-1.654300441476876,276,gpt-4o,moral
agreeableness,sim_Confidential_Info,0.003382477126056563,0.8395757594241271,0.0001498254506125951,-0.003499262777669765,0.016692994645106058,0.202628539574127,276,gpt-4o,moral
neuroticism,sim_Confidential_Info,-0.051794860232099574,1.9869806139767353e-07,0.09415390629756071,0.09084789865631093,0.009705533669030045,-5.336631863673279,276,gpt-4o,moral
openness,sim_Underage_Drinking,0.0006730808567804378,0.8669995669605499,0.0001025411578924329,-0.0035467196408012214,0.004015323875945857,0.16762803638645105,276,gpt-4o,moral
conscientiousness,sim_Underage_Drinking,0.03288375005798584,1.9049800843395964e-14,0.19293750615988603,0.18999202260572512,0.0040630419780596375,8.093381814797281,276,gpt-4o,moral
extraversion,sim_Underage_Drinking,0.006121138104877036,0.15579969613412642,0.007338652771125553,0.003715801138903463,0.004300800353056059,1.4232555809123952,276,gpt-4o,moral
agreeableness,sim_Underage_Drinking,0.01873455379347211,0.0017568292561991725,0.035153818723843155,0.031632482295828046,0.005929401503123129,3.1596028340472913,276,gpt-4o,moral
neuroticism,sim_Underage_Drinking,-0.016031205609794597,9.797067290967814e-06,0.06898701055620393,0.06558915293049672,0.0035578293217711477,-4.505895072508422,276,gpt-4o,moral
openness,sim_Exam_Cheating,0.0025999890752920127,0.7327802322247918,0.0004261392882739523,-0.003221940495345521,0.007607253679589371,0.34177762235902676,276,gpt-4o,moral
conscientiousness,sim_Exam_Cheating,0.06837918077654596,1.8270368861878497e-17,0.23235207797064905,0.2295504432187172,0.007508555079230559,9.106836142907158,276,gpt-4o,moral
extraversion,sim_Exam_Cheating,0.006360954872189288,0.43692795342442636,0.0022071985526423976,-0.0014343810146837388,0.008170460127365189,0.7785308015743991,276,gpt-4o,moral
agreeableness,sim_Exam_Cheating,0.02258496866211642,0.04772749989234218,0.014228842635676142,0.010631137681791802,0.011356577689555298,1.9887125575593017,276,gpt-4o,moral
neuroticism,sim_Exam_Cheating,-0.03782414064031163,2.6616974294932476e-08,0.10695913629200182,0.10369986306679024,0.006602683966395065,-5.728600798224008,276,gpt-4o,moral
openness,sim_Honest_Feedback,0.0040604259767614455,0.5380404924100662,0.0013854484117526988,-0.002259130243678742,0.006585671769856189,0.6165545624892437,276,gpt-4o,moral
conscientiousness,sim_Honest_Feedback,0.053540613257874514,3.2166674870711544e-14,0.18989087287979423,0.1869342702260709,0.006680789330407023,8.0141148912134,276,gpt-4o,moral
extraversion,sim_Honest_Feedback,0.03324367496481985,1.6950264249831567e-06,0.08036250442636506,0.07700616320164377,0.006793840547371417,4.8932080070207205,276,gpt-4o,moral
agreeableness,sim_Honest_Feedback,0.0064488638564578,0.5153039044955217,0.0015464491455740026,-0.0020975419159383613,0.009899289805176481,0.6514471223062482,276,gpt-4o,moral
neuroticism,sim_Honest_Feedback,-0.04664769215737627,2.9180806619004554e-16,0.21685962718426266,0.21400145064113962,0.005355318861548291,-8.710534958489816,276,gpt-4o,moral
openness,sim_Workplace_Theft,-0.025764255315453233,0.0008421933531841024,0.039933161065511036,0.03642926749275743,0.007631786325886458,-3.3759141327192,276,gpt-4o,moral
conscientiousness,sim_Workplace_Theft,0.05206777380897163,8.514048160896751e-10,0.1285661872214816,0.12538577184637756,0.008189314489438252,6.358013711174894,276,gpt-4o,moral
extraversion,sim_Workplace_Theft,-0.012403914823845577,0.1380627750251683,0.008009479531246977,0.004389076171872008,0.0083394057932672,-1.4873859278870745,276,gpt-4o,moral
agreeableness,sim_Workplace_Theft,-0.014154341981917722,0.2265203740751629,0.005333348118607861,0.0017031778562670574,0.011677589803461074,-1.2120944664217075,276,gpt-4o,moral
neuroticism,sim_Workplace_Theft,-0.02118704576371823,0.0028475534743187285,0.03202657736465764,0.028493827647010472,0.00703674114840821,-3.0109173148298876,276,gpt-4o,moral
openness,sim_moral_sum,-0.04955086422896368,0.06123445007191991,0.012728600429102177,0.009125420138697549,0.026363550809469376,-1.8795216390641045,276,gpt-4o,moral
conscientiousness,sim_moral_sum,0.27767662476225846,2.576882618011493e-24,0.31509903565756336,0.31259939710156914,0.02473172405167346,11.227548236511623,276,gpt-4o,moral
extraversion,sim_moral_sum,0.013670612198327436,0.6319733244546377,0.0008383827953788447,-0.0028081924498934985,0.028510798096375557,0.4794889344071121,276,gpt-4o,moral
agreeableness,sim_moral_sum,0.03699652145618498,0.3537029099646579,0.0031399449385693945,-0.0004982304448664099,0.039823707677164595,0.9290074584742707,276,gpt-4o,moral
neuroticism,sim_moral_sum,-0.17348494440330037,7.375642931412238e-14,0.18504313897056368,0.18206884385731759,0.021994663729536002,-7.887592487732941,276,gpt-4o,moral
openness,sim_Investment,-0.03577841858224264,7.793723827813845e-06,0.07047414327722168,0.067081713143197,0.007849856077948608,-4.557843892545934,276,gpt-4o,risk
conscientiousness,sim_Investment,-0.003088323978290064,0.7364934660697551,0.00041392673188744844,-0.003234197623105617,0.009168450256028266,-0.3368425297677203,276,gpt-4o,risk
extraversion,sim_Investment,-0.09103212065635838,1.0077099256478418e-31,0.39478904010551397,0.39258024098181155,0.00680910806757196,-13.36916961119979,276,gpt-4o,risk
agreeableness,sim_Investment,-0.023159819332646395,0.05786909550327262,0.013067121216674527,0.009465176403596787,0.012159444492423795,-1.9046774173833865,276,gpt-4o,risk
neuroticism,sim_Investment,0.0384722340258856,1.3472195506721633e-07,0.09663925057889422,0.09334231353721145,0.007106012320526903,5.414039870822083,276,gpt-4o,risk
openness,sim_Extreme_Sports,-0.02549136616672802,4.9507321162506866e-05,0.05843070193398903,0.05499431763447804,0.006181920598918138,-4.123535033948692,276,gpt-4o,risk
conscientiousness,sim_Extreme_Sports,0.002517743656352933,0.7258884571297793,0.0004493328245911421,-0.003198662311085565,0.00717388751582564,0.3509594554972844,276,gpt-4o,risk
extraversion,sim_Extreme_Sports,-0.06814071222410509,1.6887682965925635e-28,0.3612904332388709,0.35895937642587405,0.005473370748744136,-12.449496910060398,276,gpt-4o,risk
agreeableness,sim_Extreme_Sports,-0.008573177250788329,0.370782371141139,0.0029245600852016995,-0.0007144013743412003,0.00956313434025899,-0.8964819426092208,276,gpt-4o,risk
neuroticism,sim_Extreme_Sports,0.02486400734467297,1.5677270360135788e-05,0.06592776447557613,0.06251874171818783,0.0056539491832688195,4.397635447140311,276,gpt-4o,risk
openness,sim_Entrepreneurial_Venture,-0.061208990349003296,3.270818484794438e-08,0.10565253384547169,0.10238849199819244,0.010758534485355627,-5.689342766184386,276,gpt-4o,risk
conscientiousness,sim_Entrepreneurial_Venture,-0.03103864174050191,0.014961220138134161,0.021416334722287322,0.017844861491346786,0.012675171226463262,-2.4487749463848925,276,gpt-4o,risk
extraversion,sim_Entrepreneurial_Venture,-0.14688090297879897,2.2079255324488058e-46,0.52646365779075,0.5247354229651688,0.008415550133095548,-17.45351173195029,276,gpt-4o,risk
agreeableness,sim_Entrepreneurial_Venture,-0.04816040038116782,0.004593452472765282,0.028943545167072426,0.025399543507098277,0.016852377722141904,-2.857780734281259,276,gpt-4o,risk
neuroticism,sim_Entrepreneurial_Venture,0.07232629680827021,4.091681077520973e-13,0.17494968386607423,0.17193855132543956,0.00948865342783866,7.622398410724208,276,gpt-4o,risk
openness,sim_Confessing_Feelings,-0.04773000338483106,5.100955177249903e-05,0.05823560121802074,0.05479850487210114,0.011595594951291864,-4.1162185800146,276,gpt-4o,risk
conscientiousness,sim_Confessing_Feelings,-0.02569582966089899,0.05561971247537449,0.013305192629209261,0.0097041166898999,0.013368054310496086,-1.9221817224907298,276,gpt-4o,risk
extraversion,sim_Confessing_Feelings,-0.156438710440798,2.7345012731609598e-48,0.5413552234033439,0.5396813373573707,0.008698933403507301,-17.983665719032157,276,gpt-4o,risk
agreeableness,sim_Confessing_Feelings,-0.046208077349179096,0.009712683471317212,0.024152577925975804,0.020591090984099836,0.017744012335054196,-2.604150429826556,276,gpt-4o,risk
neuroticism,sim_Confessing_Feelings,0.052667271399656296,9.51104468422667e-07,0.08409273719881305,0.08075000996231241,0.010500549932690392,5.015667916181433,276,gpt-4o,risk
openness,sim_Study_Overseas,-0.06755377733205374,3.5030083389031407e-08,0.10521738165958905,0.10195175166564596,0.011901162388377752,-5.676233558330767,276,gpt-4o,risk
conscientiousness,sim_Study_Overseas,-0.060592846871085994,1.3859705151924948e-05,0.06673000749999769,0.0633239126368591,0.013689548997708079,-4.426212060107351,276,gpt-4o,risk
extraversion,sim_Study_Overseas,-0.169745899872802,8.094779507654383e-53,0.574877145953019,0.5733256026900738,0.008818479628227157,-19.248884958520595,276,gpt-4o,risk
agreeableness,sim_Study_Overseas,-0.04862368973558415,0.009760106317489015,0.02412159931062763,0.0205599993081117,0.01868389566866265,-2.602438516991811,276,gpt-4o,risk
neuroticism,sim_Study_Overseas,0.09018442043627503,1.0910818917363671e-16,0.22239369442551715,0.21955571520809203,0.010187670481442894,8.852310309854278,276,gpt-4o,risk
openness,sim_risk_sum,-0.23776255581485872,2.4820368443426646e-08,0.10740190541103545,0.10414424813151368,0.04140856340639977,-5.74186922355563,276,gpt-4o,risk
conscientiousness,sim_risk_sum,-0.11789789859442423,0.016453987350736627,0.020817445576751692,0.01724378661900272,0.04884823739618204,-2.4135548154627804,276,gpt-4o,risk
extraversion,sim_risk_sum,-0.6322383461728627,1.2009794135439366e-65,0.657165831499944,0.6559146119068782,0.02758735819088238,-22.91768359254557,276,gpt-4o,risk
agreeableness,sim_risk_sum,-0.17472516404936558,0.007659768362029147,0.025665991186294534,0.022110027650478203,0.06503618922143391,-2.686583671968615,276,gpt-4o,risk
neuroticism,sim_risk_sum,0.27851423001476017,4.210752710364724e-13,0.17477972906150507,0.171767976247861,0.0365604490092905,7.617910544369572,276,gpt-4o,risk
openness,sim_Confidential_Info,0.0013763303631687818,0.5376876433594038,0.0013878535577698248,-0.0022567163197564355,0.0022303550821270845,0.6170902445973664,276,llama,moral
conscientiousness,sim_Confidential_Info,0.008980841490003263,0.0003038174901444383,0.046582475886528196,0.043102849886114125,0.002454550835022525,3.658853327403524,276,llama,moral
extraversion,sim_Confidential_Info,-0.005167153343278115,0.030706722378693634,0.016927359010028176,0.013339502656050217,0.0023788895086313848,-2.172086313605572,276,llama,moral
agreeableness,sim_Confidential_Info,0.010378301324015928,0.0018213488878597395,0.03491989062370626,0.031397700443500876,0.00329606858116642,3.1486909536157865,276,llama,moral
neuroticism,sim_Confidential_Info,-0.004462073817894423,0.02891037817787685,0.01729987561613011,0.013713378811809451,0.0020316574474609464,-2.196272714906185,276,llama,moral
openness,sim_Underage_Drinking,0.0006262280297379963,0.592599992457719,0.0010462590252932058,-0.002599557547607212,0.0011689886682721457,0.5357006844759317,276,llama,moral
conscientiousness,sim_Underage_Drinking,0.004680614185647372,0.00032835093843935594,0.0460755093982248,0.042594033155152644,0.0012866176055808761,3.637921761170204,276,llama,moral
extraversion,sim_Underage_Drinking,-0.002168915521110204,0.08395680812325056,0.010860447719120314,0.007250449353131794,0.0012504671138405857,-1.7344842556065057,276,llama,moral
agreeableness,sim_Underage_Drinking,0.005633846463738684,0.001229413423877528,0.03747194952833044,0.033959073431718556,0.0017249768816469484,3.266041721301031,276,llama,moral
neuroticism,sim_Underage_Drinking,-0.0024975588097051332,0.01954567574372609,0.019736806203523027,0.016159203306455705,0.0010633429393521279,-2.3487801698545554,276,llama,moral
openness,sim_Exam_Cheating,-0.0005261229651303476,0.8894855096951604,7.059542234377769e-05,-0.0035787819666257548,0.003782756420811755,-0.13908454751031654,276,llama,moral
conscientiousness,sim_Exam_Cheating,0.03569838103632236,2.306399110359473e-19,0.25620600724179854,0.25349143062589274,0.0036745564063734803,9.715017838453612,276,llama,moral
extraversion,sim_Exam_Cheating,0.015531040952674761,0.0001097221901282927,0.05323428142813491,0.04977893209028139,0.003956861484443838,3.9250908867379133,276,llama,moral
agreeableness,sim_Exam_Cheating,0.015132052960635928,0.007452022650744575,0.02584162320125416,0.022286300658193148,0.005612772778160486,2.696003126924241,276,llama,moral
neuroticism,sim_Exam_Cheating,-0.027189858986210853,8.78483618051129e-17,0.22360790419471233,0.22077435639980258,0.003060755587043493,-8.883381313198756,276,llama,moral
openness,sim_Honest_Feedback,0.008282894169977004,0.06507204955111696,0.012365823588635805,0.008761319295163772,0.004471913173883404,1.8522037096673207,276,llama,moral
conscientiousness,sim_Honest_Feedback,0.03308090179524058,1.0555452042063404e-11,0.1554904591075983,0.15240830749850198,0.004657495735187656,7.102722938705538,276,llama,moral
extraversion,sim_Honest_Feedback,0.03398425449735673,1.7003744706008955e-13,0.18013684839068567,0.17714464710744005,0.004379977400745844,7.759002247721581,276,llama,moral
agreeableness,sim_Honest_Feedback,0.001145052952888602,0.8656987530489091,0.00010457599985724819,-0.0035446773724059355,0.006764124105648969,0.1692832560437982,276,llama,moral
neuroticism,sim_Honest_Feedback,-0.029370019697182566,8.244584404245963e-14,0.18439048864715601,0.18141381159842307,0.003731649451056467,-7.870519480029835,276,llama,moral
openness,sim_Workplace_Theft,-0.013162901794417575,0.0772667179401272,0.011348158062450375,0.007739939661218553,0.007422246293673156,-1.773439100995321,276,llama,moral
conscientiousness,sim_Workplace_Theft,0.013368047501971514,0.11133028853324041,0.009226740329339456,0.00561077952762179,0.008368655454557426,1.59739489510128,276,llama,moral
extraversion,sim_Workplace_Theft,-0.039871914604101555,3.7368496817266265e-07,0.09010409287447563,0.08678330489226571,0.0076544749382771084,-5.208967946934847,276,llama,moral
agreeableness,sim_Workplace_Theft,-0.002198687605072946,0.8447959394618136,0.0001401106707007438,-0.0035090130129826758,0.011220758463966732,-0.1959482161685951,276,llama,moral
neuroticism,sim_Workplace_Theft,0.015392940580647732,0.02419362902098556,0.018405028649600252,0.014822565250511288,0.006791164104132852,2.2666129612859973,276,llama,moral
openness,sim_moral_sum,-0.0034035721966640675,0.7624295871699442,0.0003340582961134375,-0.003314357549521141,0.011248018011660501,-0.3025930606739499,276,llama,moral
conscientiousness,sim_moral_sum,0.0958087860091853,1.237101518173862e-15,0.20866674700418564,0.20577866943850753,0.011271536998004261,8.500064013111007,276,llama,moral
extraversion,sim_moral_sum,0.002307311981541632,0.8488227699968384,0.00013284744721309139,-0.0035163027445852535,0.012092764179572404,0.19080103996729206,276,llama,moral
agreeableness,sim_moral_sum,0.03009056609620621,0.07461559773910702,0.011554072951367123,0.007946606064328399,0.016813726638392854,1.789642875928333,276,llama,moral
neuroticism,sim_moral_sum,-0.04812657073034515,2.0250143117412513e-06,0.07921243779414844,0.07585189924595193,0.009912716101401578,-4.855033699950354,276,llama,moral
openness,sim_Investment,-0.01627667211454588,0.014734001373034718,0.021512828869617806,0.01794170780709825,0.006631612481582889,-2.4544063996123042,276,llama,risk
conscientiousness,sim_Investment,0.016045831980331285,0.033013026215905926,0.016480903533942493,0.012891417780416803,0.007488379550065015,2.142764248667387,276,llama,risk
extraversion,sim_Investment,-0.06857597437446912,1.129145373641352e-25,0.33044448695292894,0.3280008536936331,0.0058971305944564316,-11.628702006181383,276,llama,risk
agreeableness,sim_Investment,0.03195766867838571,0.0013849819860043831,0.03669767365356691,0.03318197173259463,0.009891492952422469,3.230823580636444,276,llama,risk
neuroticism,sim_Investment,0.025989065086266985,1.7951049509605903e-05,0.06504573480446219,0.06163349296068288,0.005952523886731765,4.366058092466772,276,llama,risk
openness,sim_Extreme_Sports,-0.08398357819839686,5.853402579783712e-06,0.07233378088509279,0.06894813774963693,0.018169558757681364,-4.622213413019287,276,llama,risk
conscientiousness,sim_Extreme_Sports,-0.013298464535881599,0.5316146810450654,0.0014297024482519127,-0.002214714696097575,0.02123208819533975,-0.6263380414367575,276,llama,risk
extraversion,sim_Extreme_Sports,-0.2362987504173023,1.3269608823922878e-42,0.4955226512580796,0.4936814930509923,0.014403738338200077,-16.405376498031465,276,llama,risk
agreeableness,sim_Extreme_Sports,0.019966376658893427,0.4815947814690724,0.0018091434284314145,-0.0018338888948223886,0.028333111615187163,0.7047011613151242,276,llama,risk
neuroticism,sim_Extreme_Sports,0.041414381429262744,0.01634159220951078,0.020860561493684426,0.017287059893296486,0.01714096122778658,2.416106126074623,276,llama,risk
openness,sim_Entrepreneurial_Venture,-0.04810345469891576,9.213522910836729e-08,0.0990648759040137,0.0957767915095028,0.008763707939067106,-5.4889385900777015,276,llama,risk
conscientiousness,sim_Entrepreneurial_Venture,-0.019849700793245828,0.05569225645495279,0.013297357290693146,0.009696252755257762,0.010329734518620902,-1.921608029467142,276,llama,risk
extraversion,sim_Entrepreneurial_Venture,-0.10927298543350843,1.2815653295124472e-36,0.4423652721074004,0.4403301088669165,0.007411769774521491,-14.743170492038546,276,llama,risk
agreeableness,sim_Entrepreneurial_Venture,0.01656065759197991,0.23262595234752856,0.005195703767410631,0.001565031153423102,0.013843596472745603,1.1962684425671815,276,llama,risk
neuroticism,sim_Entrepreneurial_Venture,0.03991006475730611,1.5662897795985779e-06,0.08087294296457048,0.0775184646542223,0.008128179817848802,4.91008634795049,276,llama,risk
openness,sim_Confessing_Feelings,-0.019662188831520218,0.057590721517699804,0.013096049248827901,0.00949421001250983,0.010311548177238896,-1.9068124876651769,276,llama,risk
conscientiousness,sim_Confessing_Feelings,-0.01059632601939043,0.36480820961968075,0.0029983162750977232,-0.0006403760012705373,0.011673181958569045,-0.9077495799345339,276,llama,risk
extraversion,sim_Confessing_Feelings,-0.006758184407472927,0.5449645998836967,0.0013388283315660665,-0.002305920470143441,0.011150681005857397,-0.606078176204923,276,llama,risk
agreeableness,sim_Confessing_Feelings,-0.047075776474507364,0.0023679222937995634,0.03321954044892872,0.029691144611151188,0.01534225979450592,-3.0683730496706394,276,llama,risk
neuroticism,sim_Confessing_Feelings,0.00484133274825705,0.6117350787270073,0.0009416243016763248,-0.002704574149777317,0.00952678260470515,0.5081812978356388,276,llama,risk
openness,sim_Study_Overseas,-0.012309266140741817,0.30577104892313534,0.003827581671370539,0.0001919159110471691,0.01199670290167827,-1.026054095164749,276,llama,risk
conscientiousness,sim_Study_Overseas,-0.023323050517233393,0.08436129144176535,0.010832310315052052,0.00722220925780781,0.013464321903713826,-1.7322112976814867,276,llama,risk
extraversion,sim_Study_Overseas,-0.04769078638770449,0.0001879579458238659,0.049718424034404185,0.04625024310022319,0.012595826791910892,-3.7862370748327354,276,llama,risk
agreeableness,sim_Study_Overseas,-0.0017261014743138337,0.9239636629249458,3.330541515855767e-05,-0.0036162080687276443,0.01806867823085108,-0.09553003558205099,276,llama,risk
neuroticism,sim_Study_Overseas,0.043363864833504795,6.823604701565347e-05,0.05633617085694098,0.0528921422834262,0.010721799771982909,4.044457624252482,276,llama,risk
openness,sim_risk_sum,-0.18033515998412036,8.587969919472556e-08,0.09951322619019909,0.09622677811060132,0.03277203380346106,-5.502714938768162,276,llama,risk
conscientiousness,sim_risk_sum,-0.05102170988542004,0.18932741687784627,0.0062794303737290225,0.002652712966333959,0.03877499430684462,-1.3158405513012188,276,llama,risk
extraversion,sim_risk_sum,-0.46859668102045726,9.544785133638238e-54,0.5814423321106164,0.5799147493810931,0.024018631233322447,-19.509716289342325,276,llama,risk
agreeableness,sim_risk_sum,0.019682824980437913,0.7048140397664908,0.0005245862590648187,-0.003123134229040758,0.051902676229194526,0.3792256278562877,276,llama,risk
neuroticism,sim_risk_sum,0.15551870885459776,5.37153302223175e-07,0.0877721000014221,0.08444280109631785,0.030288710996410326,5.134543654664904,276,llama,risk
openness,sim_Confidential_Info,0.002839281318772195,0.5898613240397004,0.001061813775945164,-0.0025839460277921056,0.005261120795862329,0.539672330087,276,deepseek,moral
conscientiousness,sim_Confidential_Info,0.022391798487730236,0.00013134318744852303,0.05205946539042072,0.04859982840279453,0.005772373057027868,3.879132250551306,276,deepseek,moral
extraversion,sim_Confidential_Info,-0.01013886130350447,0.0725928808061601,0.011716505846622538,0.008109631780369386,0.005625428575017096,-1.8023269104387587,276,deepseek,moral
agreeableness,sim_Confidential_Info,0.012725737350573696,0.10728290809722187,0.009438858562291985,0.0058236719147091165,0.007875689368396398,1.6158252002217852,276,deepseek,moral
neuroticism,sim_Confidential_Info,-0.010010470090287923,0.03777524173340909,0.015653507596255833,0.012061002149526878,0.004795648633766157,-2.0874069087973237,276,deepseek,moral
openness,sim_Underage_Drinking,0.004023400815879069,0.21347974379306758,0.0056427619473183865,0.0020137209325276073,0.003226586953590132,1.246952545754995,276,deepseek,moral
conscientiousness,sim_Underage_Drinking,0.008840515841721977,0.0148206306417313,0.021475861141315056,0.01790460516007908,0.0036050625424351485,2.4522503389775823,276,deepseek,moral
extraversion,sim_Underage_Drinking,0.0045734219634126355,0.1882776577819971,0.006309223607269598,0.00268261493430344,0.003467397735147515,1.3189781827027889,276,deepseek,moral
agreeableness,sim_Underage_Drinking,0.005069842032275278,0.2972441077951724,0.003964752182028075,0.00032958704400631866,0.0048545443899629705,1.0443497113256286,276,deepseek,moral
neuroticism,sim_Underage_Drinking,-0.007758620191259849,0.008656660627811966,0.024885440479614385,0.021326628218591104,0.002934028751007406,-2.6443572472137187,276,deepseek,moral
openness,sim_Exam_Cheating,0.008274666356447594,0.08356224933786033,0.010888035451033784,0.007278137770198145,0.004764564106137384,1.7367100477856383,276,deepseek,moral
conscientiousness,sim_Exam_Cheating,0.019804471865287374,0.00020454544670981252,0.04916604994272433,0.04569585304470514,0.005261476863565514,3.7640518772264624,276,deepseek,moral
extraversion,sim_Exam_Cheating,-0.0031894573590997323,0.5359391836183729,0.0013998141765764194,-0.0022447120490565187,0.0051463835049442705,-0.6197473149903294,276,deepseek,moral
agreeableness,sim_Exam_Cheating,0.009946001224075542,0.1669101470573643,0.006960935692241765,0.003336705530534667,0.007176663487516004,1.3858809516952932,276,deepseek,moral
neuroticism,sim_Exam_Cheating,-0.012962445850092125,0.0030007895018324573,0.031687915508440634,0.028153929798617527,0.004328849768175551,-2.994431903224794,276,deepseek,moral
openness,sim_Honest_Feedback,0.007139456639765514,0.19777000803916855,0.006046587856875729,0.00241902065927313,0.005529905498234303,1.2910630465647452,276,deepseek,moral
conscientiousness,sim_Honest_Feedback,0.02254720044533101,0.0002623917872075523,0.04753960211019703,0.04406346927118321,0.006096955661290802,3.6981079899402594,276,deepseek,moral
extraversion,sim_Honest_Feedback,0.017340759553581657,0.0034073159151370674,0.03086771796036114,0.027330738828829637,0.005869918932256353,2.9541736016643756,276,deepseek,moral
agreeableness,sim_Honest_Feedback,-0.0011125142356887517,0.8939530772825095,6.497005920380605e-05,-0.0035844278602881197,0.008337955168990942,-0.13342770657081718,276,deepseek,moral
neuroticism,sim_Honest_Feedback,-0.02011112980425961,6.257558701394505e-05,0.05690156393322099,0.05345959883808682,0.004946267484730484,-4.06592038670457,276,deepseek,moral
openness,sim_Workplace_Theft,0.0017671515058155542,0.7781663429272034,0.00029012263128469495,-0.0033584535634916257,0.0062667835016292,0.2819870042352893,276,deepseek,moral
conscientiousness,sim_Workplace_Theft,0.02841536391891266,4.445556356822812e-05,0.05913311081545758,0.05569929005201035,0.006847415323652349,4.149794130459749,276,deepseek,moral
extraversion,sim_Workplace_Theft,-0.011404502216456266,0.08997372566251263,0.010456225702959565,0.006844752074138261,0.0067024114255986676,-1.7015520970405964,276,deepseek,moral
agreeableness,sim_Workplace_Theft,0.009364952702650357,0.3202580179355592,0.003605514744447147,-3.096147911318958e-05,0.00940507637315309,0.9957338283166667,276,deepseek,moral
neuroticism,sim_Workplace_Theft,-0.0025322471265065705,0.6601851803396954,0.0007065085621345002,-0.002940547975959884,0.005753321193402697,-0.440136582224939,276,deepseek,moral
openness,sim_moral_sum,0.024043956636680075,0.138770104086443,0.007980918552698002,0.004360410956175009,0.01619437636245171,1.4847102536426413,276,deepseek,moral
conscientiousness,sim_moral_sum,0.10199935055898351,9.882651179494796e-09,0.11322075951743138,0.10998433893172865,0.017245145068178182,5.9146704858516435,276,deepseek,moral
extraversion,sim_moral_sum,-0.0028186393620661943,0.8720006353432096,9.49091918722722e-05,-0.0035543794607120205,0.017477909373475816,-0.16126867932750094,276,deepseek,moral
agreeableness,sim_moral_sum,0.035994019073886274,0.1404305689319149,0.007914504919729781,0.004293754937685024,0.0243454459600807,1.47847031156898,276,deepseek,moral
neuroticism,sim_moral_sum,-0.053374913062406104,0.00030101346273321013,0.046643011835812875,0.043163606769520246,0.014577947552625628,-3.661346212813941,276,deepseek,moral
openness,sim_Investment,-0.02191363564638815,0.0015152214700321143,0.03690886943672156,0.03331524581521672,0.006837783719749664,-3.2047863086243424,270,deepseek,risk
conscientiousness,sim_Investment,0.008738360347154353,0.26641625832538013,0.0046065658805117815,0.0008924112755882563,0.007846415380285037,1.1136754713637036,270,deepseek,risk
extraversion,sim_Investment,-0.07288136861081808,1.152459547268588e-26,0.3475688567671076,0.3451344122028057,0.006099525292917448,-11.9486952034522,270,deepseek,risk
agreeableness,sim_Investment,0.012533906570717224,0.23393774092902858,0.005282277805866875,0.0015706445140976077,0.01050650725844375,1.1929660602141703,270,deepseek,risk
neuroticism,sim_Investment,0.02993404943261121,2.4806868189658078e-06,0.0795750477085223,0.07614062624474804,0.006218760229781749,4.81350756847909,270,deepseek,risk
openness,sim_Extreme_Sports,-0.019604975742324438,0.03659813828871407,0.016200041542576704,0.01252914617519818,0.009332419406110879,-2.1007388212200446,270,deepseek,risk
conscientiousness,sim_Extreme_Sports,0.013712906142635381,0.19635078043703524,0.006220968952936334,0.002512838240074089,0.010587124103025047,1.2952437327826551,270,deepseek,risk
extraversion,sim_Extreme_Sports,-0.08381270119112626,1.2021943347710741e-18,0.2520630180858341,0.24927220845182596,0.008819021034954402,-9.503628674762494,270,deepseek,risk
agreeableness,sim_Extreme_Sports,0.010696441366905667,0.45228214224774155,0.0021096412160177547,-0.0016138302719821418,0.01421048924889985,0.7527145040227075,270,deepseek,risk
neuroticism,sim_Extreme_Sports,0.03841022939088149,7.96885836164685e-06,0.07184911224844481,0.0683858626672822,0.008432922183245994,4.5547947148371115,270,deepseek,risk
openness,sim_Entrepreneurial_Venture,-0.037726116231638636,7.083684430815601e-06,0.07263007321652248,0.06916973766882284,0.008234608658389481,-4.581409730164042,270,deepseek,risk
conscientiousness,sim_Entrepreneurial_Venture,-0.0022781220052883588,0.8135702005557043,0.00020787475983774506,-0.0035226928716554085,0.009650805381671892,-0.2360551182199573,270,deepseek,risk
extraversion,sim_Entrepreneurial_Venture,-0.09821493134255412,1.8452769695572944e-33,0.41907646003137666,0.41690883488223995,0.007063549201039812,-13.904473310399831,270,deepseek,risk
agreeableness,sim_Entrepreneurial_Venture,-0.0023793233404989602,0.854112795590326,0.00012638213191462633,-0.003604489576548353,0.012927536840583004,-0.18405078785230194,270,deepseek,risk
neuroticism,sim_Entrepreneurial_Venture,0.043458131178081255,1.9122524713819608e-08,0.11135724379952283,0.10804141261967026,0.0074990804966487854,5.795127975690082,270,deepseek,risk
openness,sim_Confessing_Feelings,-0.021928259360533227,0.004719333736409746,0.029405419730407445,0.025783798162237304,0.007695591420215898,-2.8494573273379467,270,deepseek,risk
conscientiousness,sim_Confessing_Feelings,-0.0020996225367298973,0.8119376951768211,0.00021160066731307214,-0.003518953061540264,0.008815954880978055,-0.2381616699582022,270,deepseek,risk
extraversion,sim_Confessing_Feelings,-0.04516405725983605,4.2482732740025784e-08,0.10619667271021793,0.10286158566809178,0.008003705144245537,-5.6428936905937706,270,deepseek,risk
agreeableness,sim_Confessing_Feelings,-0.042033634024162034,0.0003194659126966275,0.04726714855482794,0.043712175228539873,0.011527507407648577,-3.646376665633061,270,deepseek,risk
neuroticism,sim_Confessing_Feelings,0.004505101283634397,0.5355278871708193,0.001434076363837855,-0.0022919158885359447,0.007261718241198007,0.620390537610719,270,deepseek,risk
openness,sim_Study_Overseas,-0.019080880696673685,0.04501913686580474,0.014907968879177003,0.011232252345144023,0.009474584715127111,-2.01390153451361,270,deepseek,risk
conscientiousness,sim_Study_Overseas,-0.021209883822088365,0.048406655931959704,0.014458183811696279,0.01078078897517265,0.010696742708672156,-1.9828357472684561,270,deepseek,risk
extraversion,sim_Study_Overseas,-0.06597448192116172,3.2488685436196893e-11,0.151732833895444,0.14856765790251647,0.009528732506235229,-6.923741628594422,270,deepseek,risk
agreeableness,sim_Study_Overseas,-0.030960318192037855,0.03136310771056017,0.017170341715276316,0.01350306687093028,0.014308288094549608,-2.163803104008748,270,deepseek,risk
neuroticism,sim_Study_Overseas,0.044382872163847,3.1270000354176375e-07,0.09319584432492567,0.08981224672912314,0.00845680825352022,5.2481823914326355,270,deepseek,risk
openness,sim_risk_sum,-0.12025386767755816,3.096992804422002e-05,0.0628261699499203,0.059329252673614,0.02837079072744111,-4.238650548475721,270,deepseek,risk
conscientiousness,sim_risk_sum,-0.003136361874316886,0.9245321400132452,3.354365071772669e-05,-0.0036976744699885877,0.03307853913061962,-0.09481561026416876,270,deepseek,risk
extraversion,sim_risk_sum,-0.36604754032549625,1.0260831316575068e-41,0.49559099998220546,0.4937088768478106,0.022557959050344308,-16.22697955557771,270,deepseek,risk
agreeableness,sim_risk_sum,-0.052142927619076095,0.23910017700948014,0.005167491408138103,0.0014554298089146656,0.044193980228253237,-1.179864935218962,270,deepseek,risk
neuroticism,sim_risk_sum,0.16069038344905537,1.101631369604581e-09,0.12961830783559047,0.12637061495437996,0.025435729047877664,6.317506494372067,270,deepseek,risk
openness,sim_Confidential_Info,-0.019845402923276804,0.26994751711236403,0.004456136482486328,0.00080945566374091,0.017952690972074338,-1.1054277575515896,275,openai-gpt-3.5-turbo-0125,moral
conscientiousness,sim_Confidential_Info,0.05601395141509538,0.0054739861175792486,0.027917556940201038,0.024356815390531472,0.020004501394968472,2.8000673602984176,275,openai-gpt-3.5-turbo-0125,moral
extraversion,sim_Confidential_Info,0.028853333248365188,0.13563321229906775,0.008138474905732718,0.004505282506120034,0.019278297409026732,1.4966743502387876,275,openai-gpt-3.5-turbo-0125,moral
agreeableness,sim_Confidential_Info,-0.033406260167349405,0.21789857172315008,0.005555714701938719,0.0019130616422389224,0.02704997050546068,-1.2349832381741621,275,openai-gpt-3.5-turbo-0125,moral
neuroticism,sim_Confidential_Info,-0.04697770188713942,0.004263698572028641,0.029529189588551774,0.02597435145517657,0.016299561415098324,-2.882145150459316,275,openai-gpt-3.5-turbo-0125,moral
openness,sim_Underage_Drinking,-0.05873762085495927,0.0004777776067447298,0.043784472821752796,0.040281851843077865,0.016613183472350773,-3.5356029717432516,275,openai-gpt-3.5-turbo-0125,moral
conscientiousness,sim_Underage_Drinking,0.015088847502958023,0.43109212544596753,0.0022721966128306237,-0.0013824839856571014,0.019136293757003365,0.788493722690472,275,openai-gpt-3.5-turbo-0125,moral
extraversion,sim_Underage_Drinking,-0.0868210113549344,1.243783116789822e-06,0.08265126516363319,0.07929101338767586,0.017505962638570165,-4.959510833391433,275,openai-gpt-3.5-turbo-0125,moral
agreeableness,sim_Underage_Drinking,-0.03737726184417995,0.14405478275479788,0.0078009584206137905,0.004166529696879806,0.0255124155125534,-1.4650616608916724,275,openai-gpt-3.5-turbo-0125,moral
neuroticism,sim_Underage_Drinking,0.008975542340651933,0.5658585081559998,0.0012090330490077683,-0.002449541921508702,0.015613403851329904,0.5748613451696135,275,openai-gpt-3.5-turbo-0125,moral
openness,sim_Exam_Cheating,-0.037132158614563475,0.007131919533953902,0.026216814238317898,0.022649842861901526,0.0136965141546497,-2.711066348364108,275,openai-gpt-3.5-turbo-0125,moral
conscientiousness,sim_Exam_Cheating,-0.00457160894029464,0.7704065165526347,0.00031251007085553173,-0.003349348866613866,0.015649046097490876,-0.29213339342310707,275,openai-gpt-3.5-turbo-0125,moral
extraversion,sim_Exam_Cheating,-0.050567746718369784,0.0006267291562536058,0.04200868916375089,0.03849956348303207,0.014615157452783398,-3.4599522366924185,275,openai-gpt-3.5-turbo-0125,moral
agreeableness,sim_Exam_Cheating,-0.0452332337802101,0.030076341366336707,0.017117501418277725,0.01351719922567074,0.020744688998197723,-2.1804729771624882,275,openai-gpt-3.5-turbo-0125,moral
neuroticism,sim_Exam_Cheating,0.021696535995868686,0.08859117697227241,0.010584971089196649,0.006960740214065564,0.01269560761231284,1.7089797242021163,275,openai-gpt-3.5-turbo-0125,moral
openness,sim_Honest_Feedback,0.02797214187656458,0.03514137102290017,0.016155325022820244,0.012551498374552161,0.013211429712776132,2.1172683414811706,275,openai-gpt-3.5-turbo-0125,moral
conscientiousness,sim_Honest_Feedback,0.01769656955753611,0.23854126636229916,0.00508497448060885,0.001440597097753904,0.014981536957260013,1.1812252379726902,275,openai-gpt-3.5-turbo-0125,moral
extraversion,sim_Honest_Feedback,0.0711789015526872,3.758889715488422e-07,0.09038143269241117,0.08704949654842731,0.013666584966488997,5.208243443934287,275,openai-gpt-3.5-turbo-0125,moral
agreeableness,sim_Honest_Feedback,-0.0051405075540799094,0.7981188862507629,0.0002400611232588057,-0.00342206319497107,0.02007759208122711,-0.2560320746274336,275,openai-gpt-3.5-turbo-0125,moral
neuroticism,sim_Honest_Feedback,-0.026053845882253887,0.03283453807256143,0.01657437976485865,0.012972088115645652,0.012146261661879432,-2.1450094364443726,275,openai-gpt-3.5-turbo-0125,moral
openness,sim_Workplace_Theft,-0.038650186834242366,0.0015267736628419813,0.036194590318793796,0.032664167572708847,0.012070996424136487,-3.2019052509169517,275,openai-gpt-3.5-turbo-0125,moral
conscientiousness,sim_Workplace_Theft,0.01558623715538623,0.2608420947147034,0.004628810247343074,0.000982761933230769,0.013833045351888746,1.1267393953319256,275,openai-gpt-3.5-turbo-0125,moral
extraversion,sim_Workplace_Theft,-0.026886585543302446,0.04150511566646345,0.015132970244929322,0.01152539870736502,0.013127470149764967,-2.0481162963287196,275,openai-gpt-3.5-turbo-0125,moral
agreeableness,sim_Workplace_Theft,-0.030982259800282012,0.09409238936415316,0.010233218047360992,0.006607698699549136,0.018441323692492732,-1.6800453328030114,275,openai-gpt-3.5-turbo-0125,moral
neuroticism,sim_Workplace_Theft,-0.003091883930778119,0.7846797659271083,0.00027391523306175003,-0.0033880850774399285,0.011305096609288667,-0.2734946933790657,275,openai-gpt-3.5-turbo-0125,moral
openness,sim_moral_sum,-0.1263932273504774,0.0023184785580606542,0.033476471147729336,0.02993609192116431,0.04110350525332376,-3.0749987518462754,275,openai-gpt-3.5-turbo-0125,moral
conscientiousness,sim_moral_sum,0.09981399669068106,0.033676200674510534,0.01641803978787304,0.012815175464751749,0.046757873067495064,2.1346992526071364,275,openai-gpt-3.5-turbo-0125,moral
extraversion,sim_moral_sum,-0.0642431088155543,0.1528205599396173,0.007472356190590945,0.003836723795684671,0.044811321169010654,-1.4336356782085178,275,openai-gpt-3.5-turbo-0125,moral
agreeableness,sim_moral_sum,-0.15213952314610144,0.015326891754926315,0.021341342784987116,0.017756512538778302,0.06235416639061626,-2.4399255407092904,275,openai-gpt-3.5-turbo-0125,moral
neuroticism,sim_moral_sum,-0.04545135336365086,0.2369564214644966,0.0051193527319897125,0.0014751012767955096,0.03834806547245334,-1.185231974642894,275,openai-gpt-3.5-turbo-0125,moral
openness,sim_Investment,-0.05848238436550872,5.8090913903916426e-05,0.05738705071551664,0.05394685746995287,0.014318896085564964,-4.084280241719573,276,openai-gpt-3.5-turbo-0125,risk
conscientiousness,sim_Investment,0.0036960152154752596,0.8240724049758317,0.0001806847541373502,-0.003468290848949618,0.016609573305866345,0.22252318873055346,276,openai-gpt-3.5-turbo-0125,risk
extraversion,sim_Investment,-0.117173204754922,6.290256378551336e-15,0.19934650436515444,0.19642441131539223,0.014186361311822465,-8.259567212437593,276,openai-gpt-3.5-turbo-0125,risk
agreeableness,sim_Investment,-0.031726798732539384,0.15203115163609388,0.007473745983181956,0.0038513873918797348,0.022087817603376077,-1.4363935497045217,276,openai-gpt-3.5-turbo-0125,risk
neuroticism,sim_Investment,0.04413972685263082,0.0010069940060905874,0.038769862856002146,0.035261723669345324,0.013277640841341127,3.324365177524445,276,openai-gpt-3.5-turbo-0125,risk
openness,sim_Extreme_Sports,-0.0599505919797559,0.004809768767972669,0.028647691283785526,0.025102609865113257,0.021089280774081755,-2.842704434635524,276,openai-gpt-3.5-turbo-0125,risk
conscientiousness,sim_Extreme_Sports,0.005222201605047064,0.8286019752601437,0.00017135634420217816,-0.0034776533041764868,0.02409855741595323,0.21670183467455068,276,openai-gpt-3.5-turbo-0125,risk
extraversion,sim_Extreme_Sports,-0.22414521697606896,3.936710073484736e-27,0.34653720783013175,0.34415230712878186,0.01859472203518839,-12.054238646423414,276,openai-gpt-3.5-turbo-0125,risk
agreeableness,sim_Extreme_Sports,-0.058984946969638116,0.06610809789645175,0.012271767670296696,0.008666920107049614,0.03196914955529365,-1.8450583700269572,276,openai-gpt-3.5-turbo-0125,risk
neuroticism,sim_Extreme_Sports,0.05517986181330867,0.004709631744770909,0.02878293727543224,0.025238349455269593,0.01936403787067456,2.8496051382379597,276,openai-gpt-3.5-turbo-0125,risk
openness,sim_Entrepreneurial_Venture,-0.10692409362063333,1.0280357982089846e-06,0.08359113314824052,0.08024657524002243,0.02138773680805945,-4.999317813764268,276,openai-gpt-3.5-turbo-0125,risk
conscientiousness,sim_Entrepreneurial_Venture,-0.04476388180173496,0.07467623203653326,0.011549276590946955,0.007941792198943198,0.02501799950333592,-1.7892670353505327,276,openai-gpt-3.5-turbo-0125,risk
extraversion,sim_Entrepreneurial_Venture,-0.2453093108067563,2.3806865730129724e-30,0.3807372475704047,0.3784771645323406,0.01890007585916953,-12.979276519027433,276,openai-gpt-3.5-turbo-0125,risk
agreeableness,sim_Entrepreneurial_Venture,-0.057701991834331376,0.08522942251404884,0.010772406400364365,0.0071620867156941825,0.033404676476717694,-1.7273626905067727,276,openai-gpt-3.5-turbo-0125,risk
neuroticism,sim_Entrepreneurial_Venture,0.08225293679962123,4.7757567742597296e-05,0.058665543950555565,0.05523001673869632,0.01990474227088577,4.13232865214893,276,openai-gpt-3.5-turbo-0125,risk
openness,sim_Confessing_Feelings,-0.03891344408732181,0.02483225150538157,0.01824296717108742,0.014659912306748346,0.01724561399423054,-2.2564255526268977,276,openai-gpt-3.5-turbo-0125,risk
conscientiousness,sim_Confessing_Feelings,-0.030386881291459868,0.12064296800124105,0.008769173011717202,0.005151542256285557,0.019517263636518796,-1.5569232376716429,276,openai-gpt-3.5-turbo-0125,risk
extraversion,sim_Confessing_Feelings,-0.1537278301547927,1.4216317093739142e-18,0.24637087969033777,0.24362040844833177,0.01624281748656872,-9.464357417172922,276,openai-gpt-3.5-turbo-0125,risk
agreeableness,sim_Confessing_Feelings,-0.07459423444920461,0.0041069712506594264,0.029663932222481093,0.02612255971234423,0.025773696313163296,-2.894200100088376,276,openai-gpt-3.5-turbo-0125,risk
neuroticism,sim_Confessing_Feelings,0.0769074671805163,8.915967742057657e-07,0.08450927415459553,0.0811680671259627,0.01529213122698548,5.029218363284801,276,openai-gpt-3.5-turbo-0125,risk
openness,sim_Study_Overseas,-0.07879731307036174,0.0006956099326574514,0.04117876596446557,0.03767941839499289,0.022970385567221436,-3.4303870450831657,276,openai-gpt-3.5-turbo-0125,risk
conscientiousness,sim_Study_Overseas,-0.04454469545855176,0.09125870997237105,0.01037367750882423,0.006761902609221493,0.02628390933735886,-1.6947515259930446,276,openai-gpt-3.5-turbo-0125,risk
extraversion,sim_Study_Overseas,-0.247214110945364,1.6168396621558194e-27,0.3507399755624231,0.3483704134294393,0.020319577492752355,-12.1663017370091,276,openai-gpt-3.5-turbo-0125,risk
agreeableness,sim_Study_Overseas,-0.06507433547417425,0.06439947289154638,0.012427737056461163,0.008823458724550481,0.035044742591671015,-1.8568929506031038,276,openai-gpt-3.5-turbo-0125,risk
neuroticism,sim_Study_Overseas,0.08736252586447626,3.874312723209057e-05,0.06003051822579897,0.05659997267187855,0.020884338853718844,4.183159757959958,276,openai-gpt-3.5-turbo-0125,risk
openness,sim_risk_sum,-0.3430678271235815,6.064980325513192e-05,0.05710563773453947,0.053664417434300615,0.0842164124697531,-4.0736457070858565,276,openai-gpt-3.5-turbo-0125,risk
conscientiousness,sim_risk_sum,-0.11077724173122439,0.2566500803275293,0.004693646102852944,0.0010611411616225919,0.09745373392285055,-1.1367162372549156,276,openai-gpt-3.5-turbo-0125,risk
extraversion,sim_risk_sum,-0.9875696736379044,3.407959643676669e-33,0.4094894680013841,0.40733432007438186,0.07164484039035232,-13.784239985143303,276,openai-gpt-3.5-turbo-0125,risk
agreeableness,sim_risk_sum,-0.28808230745988767,0.026588153525674205,0.017818627047903823,0.014234023496983772,0.12921116235531024,-2.2295465980540206,276,openai-gpt-3.5-turbo-0125,risk
neuroticism,sim_risk_sum,0.34584251851055337,1.0044013840716007e-05,0.06882512210549663,0.06542667364602772,0.07685024100749384,4.500213844180781,276,openai-gpt-3.5-turbo-0125,risk
openness,ethic_1_1,-0.05660484302817365,0.005512648726677519,0.027771754264425574,0.02422347599531771,0.020233022720981916,-2.7976463926704174,276,human_baseline,baseline
conscientiousness,ethic_1_1,0.030671011736326984,0.18417589345123495,0.006427507343582883,0.002801330363085053,0.02303728577534756,1.3313639477940735,276,human_baseline,baseline
extraversion,ethic_1_1,-0.0003539146125532554,0.9872108619150504,9.394666449225042e-07,-0.003648692141140941,0.02205882250447828,-0.016044129847883098,276,human_baseline,baseline
agreeableness,ethic_1_1,-0.004151010637061546,0.8930495996479174,6.608849886047263e-05,-0.0035833053387348546,0.03084617156334416,-0.13457133986748526,276,human_baseline,baseline
neuroticism,ethic_1_1,-0.04510348392109799,0.016209527380619714,0.020911612835726512,0.017338297554105098,0.01864455373578244,-2.419123812791284,276,human_baseline,baseline
openness,ethic_2_1,0.022200697855717516,0.3118227432390889,0.00373318720492688,9.717693925148652e-05,0.02190984434931586,1.0132750147269183,276,human_baseline,baseline
conscientiousness,ethic_2_1,0.06696664656492095,0.006438641057734778,0.026776503364405624,0.023224592792742915,0.024390046665358232,2.7456547125034936,276,human_baseline,baseline
extraversion,ethic_2_1,-0.006091557182036751,0.7964612554753628,0.00024321559059359288,-0.0034055317977619293,0.023594159913311555,-0.25818071948389076,276,human_baseline,baseline
agreeableness,ethic_2_1,0.054545736265949746,0.09779799801949825,0.009972181964291837,0.00635894175248275,0.0328332692738423,1.6612947011464798,276,human_baseline,baseline
neuroticism,ethic_2_1,-0.01669953384683602,0.4075255258851095,0.002505107867267098,-0.0011353844397865576,0.020131270840325895,-0.8295320240480993,276,human_baseline,baseline
openness,ethic_3_1,-0.00020820939236915192,0.9907503899887284,4.913919224858176e-07,-0.0036491418511725993,0.01794365546387016,-0.011603510376599957,276,human_baseline,baseline
conscientiousness,ethic_3_1,0.06674861993783926,0.0008581536480618138,0.039810919284485546,0.03630657957384509,0.019803606480334853,3.3705284946012837,276,human_baseline,baseline
extraversion,ethic_3_1,-0.000942363684768804,0.9610709349288717,8.71069299368532e-06,-0.0036408925526523195,0.019289235485902386,-0.04885438230341137,276,human_baseline,baseline
agreeableness,ethic_3_1,0.02107114358096325,0.4348734454268878,0.0022270278849452207,-0.001414479312555006,0.02694423547673004,0.7820278886428604,276,human_baseline,baseline
neuroticism,ethic_3_1,-0.01391521828490555,0.39849681759289746,0.0026030268332073447,-0.0010371081053575093,0.016455437843997018,-0.8456303877676433,276,human_baseline,baseline
openness,ethic_4_1,0.006750235349749469,0.7127934616254894,0.0004953161089243929,-0.0031525112045465153,0.018318707326339972,0.368488629109953,276,human_baseline,baseline
conscientiousness,ethic_4_1,0.0035870019019344085,0.8621357402795806,0.0001102549459528479,-0.0035389777002297063,0.020636371727597386,0.1738194072719405,276,human_baseline,baseline
extraversion,ethic_4_1,0.018654997696913887,0.3436424444535823,0.0032735823161547106,-0.0003641053396257199,0.019665105013800952,0.9486345322754101,276,human_baseline,baseline
agreeableness,ethic_4_1,-0.014073769920280095,0.6096348606716008,0.0009527689122371674,-0.0026933888654554483,0.027531786088416613,-0.5111825972744035,276,human_baseline,baseline
neuroticism,ethic_4_1,-0.02958393098412489,0.0781254197035466,0.011283078299671678,0.007674622381057428,0.01673026352678243,-1.768288403632485,276,human_baseline,baseline
openness,ethic_5_1,-0.012373488796346303,0.4651751485862995,0.0019484202365416259,-0.0016941037771935896,0.0169181186115321,-0.7313749879913961,276,human_baseline,baseline
conscientiousness,ethic_5_1,0.061388412116713885,0.0011678292044325234,0.03780605282537308,0.03429439608385987,0.01870948186567279,3.2811390800376055,276,human_baseline,baseline
extraversion,ethic_5_1,0.009956093458812793,0.5846879522920078,0.0010916023600859859,-0.002554048726191027,0.018194674160253204,0.5471982279606946,276,human_baseline,baseline
agreeableness,ethic_5_1,0.0351774522184432,0.16667418408440854,0.006968657469208606,0.0033444554891692846,0.02536857188122716,1.3866548098623812,276,human_baseline,baseline
neuroticism,ethic_5_1,-0.035248533117803266,0.022882012855420623,0.01875217327827805,0.015170976830388594,0.015403851287009754,-2.288293522252371,276,human_baseline,baseline
openness,ethic_sum,-0.04023560801142208,0.4485544482891487,0.002097617366785709,-0.0015443621318755874,0.053017126050602145,-0.7589171841004592,276,human_baseline,baseline
conscientiousness,ethic_sum,0.2293616922577356,0.00010166366473942014,0.05373251216539576,0.05027898118789731,0.05814789390033032,3.9444539926222957,276,human_baseline,baseline
extraversion,ethic_sum,0.021223255676367944,0.710116210464975,0.0005050302464889578,-0.003142761613925238,0.0570385315999778,0.37208629116209935,276,human_baseline,baseline
agreeableness,ethic_sum,0.09256955150801446,0.24579055779380515,0.004913189489768266,0.0012814858017747843,0.07958690317032209,1.16312543673057,276,human_baseline,baseline
neuroticism,ethic_sum,-0.14055070015476778,0.0036887743257862176,0.030355848583484057,0.026817001315540656,0.04798911425912264,-2.9288037990417664,276,human_baseline,baseline
openness,risk_sum,-0.13552054519320858,0.010179537258458363,0.023854100178652193,0.020291523901932007,0.05237278955505761,-2.5876136509921963,276,human_baseline,baseline
conscientiousness,risk_sum,0.046090597021849145,0.44029128703808296,0.0021750421123248875,-0.001466654814272328,0.05963900627434184,0.772826374903541,276,human_baseline,baseline
extraversion,risk_sum,-0.22841966032648867,4.7930968133059306e-05,0.05864189082748705,0.055206277290361205,0.05528809821852316,-4.131443614205585,276,human_baseline,baseline
agreeableness,risk_sum,0.04729734964401103,0.5530547940160929,0.0012857260135817894,-0.0023592165922079467,0.07963572476413924,0.5939212556185524,276,human_baseline,baseline
neuroticism,risk_sum,0.15126013982860514,0.0017328401459258027,0.03524300825307791,0.031721997334293595,0.04781032519253559,3.1637546747375125,276,human_baseline,baseline
openness,moral_0_sum,-0.13761383808531452,0.005047664243071042,0.02833748756254284,0.02479127401350112,0.04868149184661134,-2.826820478692739,276,human_baseline,baseline
conscientiousness,moral_0_sum,0.13987103956951347,0.011504902610715706,0.023077192718527928,0.01951178101312112,0.05497828107274771,2.5441144546595584,276,human_baseline,baseline
extraversion,moral_0_sum,0.10802953021268714,0.041277530481949924,0.015111596404719596,0.011517113179919325,0.05268725166823414,2.0503922066942737,276,human_baseline,baseline
agreeableness,moral_0_sum,-0.263408663046088,0.00033508450754984496,0.045942994364446044,0.042461034489863825,0.07251574055316773,-3.632434296840142,276,human_baseline,baseline
neuroticism,moral_0_sum,-0.05859550474102576,0.19604976583729639,0.006093080901365622,0.0024656833864071803,0.04521092606969056,-1.2960474344343995,276,human_baseline,baseline
openness,risk_0_sum,-0.34742445438740166,0.0004027307282394385,0.044742816060645785,0.041256475973275974,0.096980317513503,-3.582422323365029,276,human_baseline,baseline
conscientiousness,risk_0_sum,-0.022911351301201588,0.8377052336322739,0.00015338899406369677,-0.0034956862285855372,0.11174935183119655,-0.2050244670395084,276,human_baseline,baseline
extraversion,risk_0_sum,-1.132156998635052,2.3105645858759965e-33,0.41115360381986055,0.409004529381247,0.08185219576172773,-13.831724220701034,276,human_baseline,baseline
agreeableness,risk_0_sum,-0.23314765605026444,0.1175575320802742,0.00891634194314217,0.005299248300598913,0.1484969631246032,-1.5700499939155739,276,human_baseline,baseline
neuroticism,risk_0_sum,0.4553708788111625,3.1700297347093833e-07,0.09115999064752245,0.08784305630681999,0.0868623460927526,5.242442776354582,276,human_baseline,baseline
